Player,Pos,Age,Born,MP,Starts,Min,90s,Gls,Ast,G+A,G-PK,PK,PKatt,CrdY,CrdR,xG,npxG,xAG,npxG+xAG,PrgC,PrgP,PrgR,Gls,Ast,G+A,G-PK,G+A-PK,xG,xAG,xG+xAG,npxG,npxG+xAG
Rodrigo Abascal,DF,30,1994,29,29,"2,599",28.9,0,0,0,0,0,0,8,1,0.8,0.8,1.7,2.5,10,66,24,0.00,0.00,0.00,0.00,0.00,0.03,0.06,0.09,0.03,0.09
Nelson Abbey,DF,20,2003,8,7,635,7.1,0,0,0,0,0,0,1,0,0.1,0.1,0.1,0.2,7,14,7,0.00,0.00,0.00,0.00,0.00,0.01,0.02,0.03,0.01,0.03
Bilal Abdelrahman Zeeni,MF,21,2003,1,0,8,0.1,0,0,0,0,0,0,0,0,0.0,0.0,0.1,0.1,0,1,1,0.00,0.00,0.00,0.00,0.00,0.18,0.81,0.98,0.18,0.98
Giorgi Aburjania,MF,29,1995,9,3,306,3.4,0,0,0,0,0,0,0,0,0.3,0.3,0.6,0.9,3,22,4,0.00,0.00,0.00,0.00,0.00,0.09,0.17,0.26,0.09,0.26
Adriano,MF,24,1999,32,31,2630,29.2,0,2,2,0,0,0,8,1,1.0,1.0,2.7,3.7,26,99,28,0.00,0.07,0.07,0.00,0.07,0.04,0.09,0.13,0.04,0.13
Lucas Áfrico,DF,29,1995,21,20,1757,19.5,1,0,1,1,0,0,6,0,1.3,1.3,0.1,1.3,6,31,3,0.05,0.00,0.05,0.05,0.05,0.07,0.00,0.07,0.07,0.07
Salvador Agra,"MF,DF",32,1991,32,31,2731,30.3,1,2,3,1,0,0,9,1,1.4,1.4,4.1,5.5,56,73,147,0.03,0.07,0.10,0.03,0.10,0.05,0.14,0.18,0.05,0.18
Brandon Aguilera,"MF,FW",21,2003,25,15,1378,15.3,3,1,4,3,0,0,4,0,1.4,1.4,2.2,3.6,26,72,44,0.20,0.07,0.26,0.20,0.26,0.09,0.14,0.23,0.09,0.23
Jorge Aguirre,FW,24,2000,31,16,1354,15.0,3,2,5,3,0,0,2,1,3.6,3.6,2.1,5.7,5,23,67,0.20,0.13,0.33,0.20,0.33,0.24,0.14,0.38,0.24,0.38
Babatunde Akinsola,"MF,FW",21,2003,30,11,1170,13.0,2,1,3,2,0,0,1,0,2.9,2.9,0.8,3.6,43,33,88,0.15,0.08,0.23,0.15,0.23,0.22,0.06,0.28,0.22,0.28
Kerem Aktürkoğlu,"FW,MF",25,1998,30,25,2003,22.3,11,9,20,11,0,0,3,0,9.7,9.7,7.4,17.0,62,68,202,0.49,0.40,0.90,0.49,0.90,0.44,0.33,0.77,0.44,0.77
Léo Alaba,DF,25,1999,4,4,334,3.7,0,0,0,0,0,0,1,0,0.1,0.1,0.0,0.1,2,12,20,0.00,0.00,0.00,0.00,0.00,0.03,0.00,0.03,0.03,0.03
Alan,MF,24,2000,31,31,2513,27.9,7,6,13,2,5,5,6,0,6.1,2.1,4.1,6.3,47,164,99,0.25,0.21,0.47,0.07,0.29,0.22,0.15,0.37,0.08,0.22
Gonçalo Almeida,"DF,MF",21,2003,19,9,814,9.0,0,0,0,0,0,0,1,0,0.7,0.7,0.9,1.6,12,18,43,0.00,0.00,0.00,0.00,0.00,0.08,0.09,0.17,0.08,0.17
Pedro Álvaro,DF,24,2000,31,31,2623,29.1,1,1,2,1,0,0,9,0,0.9,0.9,0.3,1.3,8,57,5,0.03,0.03,0.07,0.03,0.07,0.03,0.01,0.04,0.03,0.04
Pedro Amaral,"DF,MF",26,1997,29,27,2395,26.6,0,2,2,0,0,0,4,0,0.7,0.7,2.1,2.8,30,100,103,0.00,0.08,0.08,0.00,0.08,0.03,0.08,0.11,0.03,0.11
Zeki Amdouni,"MF,FW",23,2000,24,9,854,9.5,7,2,9,7,0,0,1,0,5.2,5.2,3.4,8.5,23,33,66,0.74,0.21,0.95,0.74,0.95,0.55,0.36,0.90,0.55,0.90
Artur Jorge Marques Amorim,DF,29,1994,19,15,1281,14.2,0,1,1,0,0,0,9,0,0.9,0.9,0.3,1.2,1,22,1,0.00,0.07,0.07,0.00,0.07,0.07,0.02,0.09,0.07,0.09
Andrew,GK,23,2001,33,33,2970,33.0,0,0,0,0,0,0,2,0,0.0,0.0,0.0,0.0,0,0,0,0.00,0.00,0.00,0.00,0.00,0.00,0.00,0.00,0.00,0.00
Jeremy Antonisse,"FW,MF",22,2002,29,7,839,9.3,0,0,0,0,0,0,2,0,1.9,1.9,1.1,3.0,24,12,51,0.00,0.00,0.00,0.00,0.00,0.21,0.12,0.32,0.21,0.32
Arvin Appiah,"DF,FW",23,2001,26,16,1384,15.4,0,0,0,0,0,0,3,0,0.9,0.9,0.8,1.6,33,36,67,0.00,0.00,0.00,0.00,0.00,0.06,0.05,0.11,0.06,0.11
Óscar Aranda,FW,22,2002,33,33,2599,28.9,9,3,12,5,4,5,5,0,7.3,3.4,2.4,5.8,69,126,140,0.31,0.10,0.42,0.17,0.28,0.25,0.08,0.34,0.12,0.20
Brian Araújo,GK,24,2000,1,1,90,1.0,0,0,0,0,0,0,0,0,0.0,0.0,0.0,0.0,0,0,0,0.00,0.00,0.00,0.00,0.00,0.00,0.00,0.00,0.00,0.00
Henrique Araújo,FW,22,2002,24,14,1107,12.3,6,2,8,3,3,3,3,0,6.1,3.4,1.1,4.5,13,25,51,0.49,0.16,0.65,0.24,0.41,0.50,0.09,0.58,0.28,0.36
Maximiliano Araújo,"DF,MF",24,2000,28,19,1771,19.7,3,4,7,3,0,0,7,1,2.6,2.6,4.3,6.9,52,89,201,0.15,0.20,0.36,0.15,0.36,0.13,0.22,0.35,0.13,0.35
Player,Pos,Age,Born,MP,Starts,Min,90s,Gls,Ast,G+A,G-PK,PK,PKatt,CrdY,CrdR,xG,npxG,xAG,npxG+xAG,PrgC,PrgP,PrgR,Gls,Ast,G+A,G-PK,G+A-PK,xG,xAG,xG+xAG,npxG,npxG+xAG
Tomás Araújo,DF,22,2002,28,28,2311,25.7,1,2,3,1,0,0,1,0,1.0,1.0,0.9,1.9,39,136,57,0.04,0.08,0.12,0.04,0.12,0.04,0.04,0.07,0.04,0.07
Telmo Arcanjo,FW,23,2001,28,17,1320,14.7,5,2,7,5,0,0,6,0,3.5,3.5,2.3,5.9,44,53,117,0.34,0.14,0.48,0.34,0.48,0.24,0.16,0.40,0.24,0.40
Gboly Ariyibi,"FW,MF",29,1995,11,2,343,3.8,0,0,0,0,0,0,0,0,0.2,0.2,0.1,0.3,10,9,22,0.00,0.00,0.00,0.00,0.00,0.04,0.04,0.08,0.04,0.08
Henrique Arreiol,MF,19,2005,3,0,24,0.3,0,0,0,0,0,0,0,0,0.1,0.1,0.0,0.1,1,1,1,0.00,0.00,0.00,0.00,0.00,0.42,0.00,0.42,0.42,0.42
Bright Arrey-Mbi,DF,21,2003,15,13,1135,12.6,0,0,0,0,0,0,3,1,0.0,0.0,0.2,0.2,4,41,0,0.00,0.00,0.00,0.00,0.00,0.00,0.01,0.02,0.00,0.02
Afonso Assis,MF,18,2006,1,0,14,0.2,0,0,0,0,0,0,0,0,0.0,0.0,0.0,0.0,0,0,0,0.00,0.00,0.00,0.00,0.00,0.00,0.00,0.00,0.00,0.00
Gustavo Assuncao,MF,24,2000,23,19,1577,17.5,2,0,2,0,2,2,13,1,2.4,0.8,0.5,1.3,11,59,14,0.11,0.00,0.11,0.00,0.00,0.14,0.03,0.16,0.05,0.07
Otavio Ataide,DF,22,2002,20,18,1632,18.1,2,0,2,2,0,0,6,0,1.5,1.5,0.2,1.6,20,121,16,0.11,0.00,0.11,0.11,0.11,0.08,0.01,0.09,0.08,0.09
João Aurélio,"DF,FW",35,1988,14,4,409,4.5,1,1,2,1,0,0,1,0,0.4,0.4,0.6,1.0,9,11,19,0.22,0.22,0.44,0.22,0.44,0.08,0.14,0.22,0.08,0.22
Fredrik Aursnes,"MF,FW",28,1995,29,28,2350,26.1,3,5,8,3,0,0,1,0,2.4,2.4,4.6,7.0,45,165,159,0.11,0.19,0.31,0.11,0.31,0.09,0.17,0.27,0.09,0.27
Daniel Azevedo,GK,26,1998,1,1,90,1.0,0,0,0,0,0,0,0,0,0.0,0.0,0.0,0.0,0,0,0,0.00,0.00,0.00,0.00,0.00,0.00,0.00,0.00,0.00,0.00
Ibrahima Ba,DF,19,2005,2,1,103,1.1,0,0,0,0,0,0,0,0,0.2,0.2,0.0,0.2,0,3,0,0.00,0.00,0.00,0.00,0.00,0.18,0.00,0.18,0.18,0.18
Felix Bacher,DF,23,2000,23,23,2070,23.0,2,0,2,2,0,0,6,0,0.4,0.4,0.0,0.4,3,33,2,0.09,0.00,0.09,0.09,0.09,0.02,0.00,0.02,0.02,0.02
Miguel Baeza,"MF,FW",24,2000,5,2,203,2.3,1,0,1,1,0,0,0,0,0.4,0.4,0.0,0.4,2,6,4,0.44,0.00,0.44,0.44,0.44,0.18,0.01,0.19,0.18,0.19
Alexander Bah,DF,26,1997,18,17,1412,15.7,0,1,1,0,0,0,2,0,1.0,1.0,1.2,2.2,32,76,127,0.00,0.06,0.06,0.00,0.06,0.06,0.07,0.14,0.06,0.14
Ney Bahia,MF,20,2004,2,0,62,0.7,0,0,0,0,0,0,0,0,0.1,0.1,0.0,0.1,0,0,2,0.00,0.00,0.00,0.00,0.00,0.18,0.00,0.18,0.18,0.18
Adrian Bajrami,DF,22,2002,1,0,12,0.1,0,0,0,0,0,0,0,0,0.0,0.0,0.0,0.0,0,0,3,0.00,0.00,0.00,0.00,0.00,0.00,0.00,0.00,0.00,0.00
Theofanis Bakoulas,MF,19,2005,10,5,390,4.3,1,0,1,1,0,0,3,0,0.3,0.3,0.4,0.7,3,10,12,0.23,0.00,0.23,0.23,0.23,0.06,0.09,0.15,0.06,0.15
Elves Baldé,"MF,FW",24,1999,20,12,1045,11.6,1,2,3,1,0,0,1,1,2.0,2.0,2.7,4.7,29,26,49,0.09,0.17,0.26,0.09,0.26,0.18,0.23,0.41,0.18,0.41
Mohamed Bamba,MF,19,2004,11,11,956,10.6,1,0,1,1,0,0,3,0,1.4,1.4,0.1,1.6,3,34,8,0.09,0.00,0.09,0.09,0.09,0.13,0.01,0.15,0.13,0.15
Robson Bambu,DF,26,1997,15,10,1023,11.4,1,0,1,1,0,0,6,0,0.3,0.3,0.1,0.4,8,45,2,0.09,0.00,0.09,0.09,0.09,0.03,0.01,0.03,0.03,0.03
Chico Banza,FW,25,1998,13,8,688,7.6,1,0,1,1,0,0,4,0,1.9,1.9,0.3,2.2,23,11,43,0.13,0.00,0.13,0.13,0.13,0.25,0.04,0.28,0.25,0.28
Simon Banza,FW,27,1996,1,0,21,0.2,0,0,0,0,0,0,0,0,0.0,0.0,0.0,0.0,0,1,1,0.00,0.00,0.00,0.00,0.00,0.00,0.00,0.00,0.00,0.00
Rafael Barbosa,"MF,FW",28,1996,7,3,359,4.0,0,0,0,0,0,0,2,0,0.2,0.2,0.6,0.8,5,28,21,0.00,0.00,0.00,0.00,0.00,0.04,0.15,0.19,0.04,0.19
Leandro Barreiro Martins,MF,24,2000,27,11,1211,13.5,3,1,4,3,0,0,5,0,3.8,3.8,1.6,5.4,12,50,50,0.22,0.07,0.30,0.22,0.30,0.28,0.12,0.40,0.28,0.40
Player,Pos,Age,Born,MP,Starts,Min,90s,Gls,Ast,G+A,G-PK,PK,PKatt,CrdY,CrdR,xG,npxG,xAG,npxG+xAG,PrgC,PrgP,PrgR,Gls,Ast,G+A,G-PK,G+A-PK,xG,xAG,xG+xAG,npxG,npxG+xAG
Afonso Bastardo,FW,19,2005,1,0,1,0.0,0,0,0,0,0,0,0,0,0.0,0.0,0.0,0.0,0,0,0,0.00,0.00,0.00,0.00,0.00,0.00,0.00,0.00,0.00,0.00
Gil Bastião Dias,"FW,MF",27,1996,30,13,1406,15.6,5,2,7,5,0,0,7,0,2.8,2.8,1.1,3.8,45,61,123,0.32,0.13,0.45,0.32,0.45,0.18,0.07,0.24,0.18,0.24
Gabriel Batista,GK,26,1998,34,34,3060,34.0,0,0,0,0,0,0,4,0,0.0,0.0,0.0,0.0,0,1,0,0.00,0.00,0.00,0.00,0.00,0.00,0.00,0.00,0.00,0.00
Gilberto Batista,DF,20,2003,5,3,317,3.5,0,0,0,0,0,0,1,0,0.0,0.0,0.0,0.0,2,2,2,0.00,0.00,0.00,0.00,0.00,0.00,0.00,0.00,0.00,0.00
Ricardo Batista,GK,37,1986,1,1,90,1.0,0,0,0,0,0,0,0,0,0.0,0.0,0.0,0.0,0,0,0,0.00,0.00,0.00,0.00,0.00,0.00,0.00,0.00,0.00,0.00
Yanis Begraoui,"FW,MF",23,2001,34,25,1913,21.3,11,3,14,9,2,4,1,0,10.8,7.7,3.4,11.0,28,46,111,0.52,0.14,0.66,0.42,0.56,0.51,0.16,0.67,0.36,0.52
Gui Beleza,MF,17,2006,1,0,1,0.0,0,0,0,0,0,0,0,0,0.0,0.0,0.0,0.0,0,0,0,0.00,0.00,0.00,0.00,0.00,0.00,0.00,0.00,0.00,0.00
Bachir Belloumi,FW,22,2002,3,3,270,3.0,0,0,0,0,0,0,0,0,0.2,0.2,0.1,0.3,8,14,20,0.00,0.00,0.00,0.00,0.00,0.08,0.02,0.10,0.08,0.10
Andrea Belotti,FW,30,1993,14,4,457,5.1,3,0,3,3,0,0,0,0,5.3,5.3,1.1,6.4,11,8,40,0.59,0.00,0.59,0.59,0.59,1.04,0.22,1.26,1.04,1.26
Fahem Benaissa Yahia,"MF,DF",22,2002,8,4,386,4.3,1,0,1,1,0,0,1,0,0.3,0.3,0.0,0.3,10,10,19,0.23,0.00,0.23,0.23,0.23,0.07,0.00,0.07,0.07,0.07
Beni,MF,22,2002,7,2,177,2.0,0,0,0,0,0,0,1,0,0.0,0.0,0.0,0.0,1,9,0,0.00,0.00,0.00,0.00,0.00,0.01,0.00,0.01,0.01,0.01
Beni,MF,22,2002,13,7,749,8.3,0,1,1,0,0,0,3,0,0.1,0.1,0.2,0.2,7,35,7,0.00,0.12,0.12,0.00,0.12,0.01,0.02,0.03,0.01,0.03
Álex Bermejo,"MF,FW",25,1998,24,4,598,6.6,1,0,1,1,0,0,3,0,1.9,1.9,0.4,2.3,14,18,35,0.15,0.00,0.15,0.15,0.15,0.28,0.07,0.35,0.28,0.35
Sergio Bermejo,"MF,FW",26,1997,10,6,475,5.3,1,0,1,1,0,0,0,0,0.6,0.6,0.3,0.8,12,20,24,0.19,0.00,0.19,0.19,0.19,0.10,0.05,0.15,0.10,0.15
Simão Bertelli,GK,31,1993,11,11,990,11.0,0,0,0,0,0,0,0,0,0.0,0.0,0.0,0.0,0,0,0,0.00,0.00,0.00,0.00,0.00,0.00,0.00,0.00,0.00,0.00
Jan-Niklas Beste,"FW,DF",25,1999,13,5,501,5.6,0,1,1,0,0,0,3,0,0.7,0.7,1.5,2.2,23,21,67,0.00,0.18,0.18,0.00,0.18,0.12,0.27,0.40,0.12,0.40
José Bica,"FW,MF",21,2003,4,0,25,0.3,0,0,0,0,0,0,0,0,0.2,0.2,0.1,0.2,0,0,2,0.00,0.00,0.00,0.00,0.00,0.69,0.20,0.89,0.69,0.89
Biel,"MF,FW",23,2001,3,0,15,0.2,0,0,0,0,0,0,0,0,0.1,0.1,0.0,0.1,1,0,2,0.00,0.00,0.00,0.00,0.00,0.52,0.00,0.52,0.52,0.52
Raúl Blanco,FW,23,2001,5,3,250,2.8,1,0,1,1,0,0,1,0,0.3,0.3,0.0,0.3,2,11,14,0.36,0.00,0.36,0.36,0.36,0.11,0.00,0.11,0.11,0.11
Paulinho Bóia,"FW,MF",26,1998,15,13,1081,12.0,1,2,3,1,0,0,2,0,2.2,2.0,2.6,4.6,32,26,77,0.08,0.17,0.25,0.08,0.25,0.18,0.22,0.40,0.17,0.38
Kévin Boma,DF,21,2002,29,29,2467,27.4,1,0,1,1,0,0,7,0,1.3,1.3,0.2,1.5,4,56,4,0.04,0.00,0.04,0.04,0.04,0.05,0.01,0.06,0.05,0.06
Pedro Bondo,DF,19,2004,6,2,181,2.0,1,1,2,1,0,0,1,1,0.1,0.1,0.8,0.9,8,4,10,0.50,0.50,0.99,0.50,0.99,0.05,0.42,0.47,0.05,0.47
Kiko Bondoso,"FW,MF",28,1995,28,24,1949,21.7,2,1,3,2,0,0,1,0,2.2,2.2,2.3,4.6,39,55,147,0.09,0.05,0.14,0.09,0.14,0.10,0.11,0.21,0.10,0.21
Toni Borevkovic,DF,27,1997,27,27,2420,26.9,0,0,0,0,0,0,7,0,1.5,1.5,0.8,2.2,8,83,1,0.00,0.00,0.00,0.00,0.00,0.05,0.03,0.08,0.05,0.08
Daniel Borges,"MF,FW",21,2003,16,1,194,2.2,0,0,0,0,0,0,1,0,0.3,0.3,0.2,0.5,3,7,6,0.00,0.00,0.00,0.00,0.00,0.15,0.09,0.24,0.15,0.24
Player,Pos,Age,Born,MP,Starts,Min,90s,Gls,Ast,G+A,G-PK,PK,PKatt,CrdY,CrdR,xG,npxG,xAG,npxG+xAG,PrgC,PrgP,PrgR,Gls,Ast,G+A,G-PK,G+A-PK,xG,xAG,xG+xAG,npxG,npxG+xAG
Gonçalo Borges,"FW,MF",23,2001,26,6,761,8.5,2,3,5,2,0,0,6,1,1.3,1.3,2.1,3.4,46,16,122,0.24,0.35,0.59,0.24,0.59,0.15,0.25,0.40,0.15,0.40
Róbert Boženík,FW,24,1999,33,30,2753,30.6,5,1,6,4,1,1,7,0,8.9,8.2,0.6,8.7,16,39,150,0.16,0.03,0.20,0.13,0.16,0.29,0.02,0.31,0.27,0.29
Daniel Bragança,MF,25,1999,18,14,1077,12.0,3,4,7,3,0,0,3,0,2.7,2.7,1.7,4.4,16,87,46,0.25,0.33,0.58,0.25,0.58,0.22,0.15,0.37,0.22,0.37
Bruno Brigido,GK,33,1991,18,18,1575,17.5,0,0,0,0,0,0,0,0,0.0,0.0,0.0,0.0,0,0,0,0.00,0.00,0.00,0.00,0.00,0.00,0.00,0.00,0.00,0.00
Alexandre Brito,"MF,DF",19,2005,2,1,89,1.0,0,0,0,0,0,0,1,0,0.1,0.1,0.0,0.1,0,3,0,0.00,0.00,0.00,0.00,0.00,0.11,0.00,0.11,0.11,0.11
Rafael Brito,MF,22,2002,22,12,1011,11.2,0,1,1,0,0,0,5,0,0.3,0.3,0.4,0.7,3,33,15,0.00,0.09,0.09,0.00,0.09,0.03,0.04,0.06,0.03,0.06
Tiago Brito,MF,20,2004,4,0,97,1.1,0,0,0,0,0,0,0,0,0.0,0.0,0.1,0.1,3,2,1,0.00,0.00,0.00,0.00,0.00,0.02,0.06,0.07,0.02,0.07
Bruma,"FW,MF",29,1994,17,13,1208,13.4,7,5,12,4,3,4,1,0,8.6,5.4,5.9,11.4,43,64,115,0.52,0.37,0.89,0.30,0.67,0.64,0.44,1.08,0.40,0.85
Bruma,"FW,MF",29,1994,10,5,487,5.4,1,2,3,1,0,0,0,0,2.4,2.4,1.0,3.4,25,37,61,0.18,0.37,0.55,0.18,0.55,0.43,0.19,0.62,0.43,0.62
Jonathan Buatu Mananga,DF,30,1993,21,20,1824,20.3,0,2,2,0,0,0,1,0,0.4,0.4,0.9,1.3,9,44,0,0.00,0.10,0.10,0.00,0.10,0.02,0.05,0.07,0.02,0.07
Leonel Bucca,"MF,FW",25,1999,30,16,1346,15.0,2,2,4,2,0,0,8,0,2.0,2.0,1.8,3.7,9,45,57,0.13,0.13,0.27,0.13,0.27,0.13,0.12,0.25,0.13,0.25
Leonardo Buta,DF,22,2002,7,5,508,5.6,0,0,0,0,0,0,2,0,0.2,0.2,0.2,0.4,9,15,23,0.00,0.00,0.00,0.00,0.00,0.04,0.04,0.08,0.04,0.08
Adrián Butzke,FW,25,1999,10,5,484,5.4,0,1,1,0,0,0,2,0,1.7,1.7,0.4,2.1,4,13,25,0.00,0.19,0.19,0.00,0.19,0.31,0.08,0.39,0.31,0.39
Arthur Cabral,FW,26,1998,21,2,376,4.2,2,0,2,2,0,1,2,0,2.1,1.3,1.4,2.7,4,1,30,0.48,0.00,0.48,0.48,0.48,0.51,0.34,0.85,0.32,0.66
Daniel Cabral,MF,22,2002,1,0,3,0.0,0,0,0,0,0,0,0,0,0.0,0.0,0.0,0.0,0,0,0,0.00,0.00,0.00,0.00,0.00,0.00,0.00,0.00,0.00,0.00
Jovane Cabral,"FW,MF",26,1998,26,13,1154,12.8,2,1,3,2,0,1,4,0,2.4,1.6,1.4,3.0,21,46,59,0.16,0.08,0.23,0.16,0.23,0.19,0.11,0.30,0.12,0.24
Lucas Calegari,DF,22,2002,18,17,1489,16.5,0,1,1,0,0,0,1,0,0.1,0.1,0.7,0.8,16,49,53,0.00,0.06,0.06,0.00,0.06,0.01,0.04,0.05,0.01,0.05
Diogo Calila,"MF,DF",25,1998,31,21,1750,19.4,1,2,3,1,0,0,9,0,0.9,0.9,1.1,2.0,36,42,100,0.05,0.10,0.15,0.05,0.15,0.05,0.06,0.10,0.05,0.10
Ibrahima Camará,MF,25,1999,26,16,1332,14.8,0,0,0,0,0,0,6,1,0.1,0.1,0.7,0.8,4,48,7,0.00,0.00,0.00,0.00,0.00,0.01,0.04,0.05,0.01,0.05
André Candeias,"FW,MF",21,2003,2,0,35,0.4,0,0,0,0,0,0,0,0,0.1,0.1,0.0,0.1,2,1,9,0.00,0.00,0.00,0.00,0.00,0.20,0.00,0.20,0.20,0.20
Lazar Carević,GK,25,1999,18,18,1620,18.0,0,0,0,0,0,0,1,0,0.0,0.0,0.0,0.0,0,0,0,0.00,0.00,0.00,0.00,0.00,0.00,0.00,0.00,0.00,0.00
Zé Carlos,"MF,DF",22,2001,7,1,122,1.4,0,0,0,0,0,0,0,0,0.0,0.0,0.0,0.0,4,7,9,0.00,0.00,0.00,0.00,0.00,0.00,0.01,0.01,0.00,0.01
Zé Carlos,MF,22,2001,9,8,670,7.4,0,0,0,0,0,0,1,1,0.1,0.1,0.1,0.1,2,27,9,0.00,0.00,0.00,0.00,0.00,0.01,0.01,0.02,0.01,0.02
Zé Carlos,DF,26,1998,31,31,2707,30.1,0,0,0,0,0,0,4,0,0.6,0.6,2.0,2.6,57,99,101,0.00,0.00,0.00,0.00,0.00,0.02,0.07,0.09,0.02,0.09
Álvaro Carreras,DF,21,2003,32,30,2743,30.5,3,1,4,3,0,0,9,0,1.3,1.3,3.0,4.3,87,202,211,0.10,0.03,0.13,0.10,0.13,0.04,0.10,0.14,0.04,0.14
Player,Pos,Age,Born,MP,Starts,Min,90s,Gls,Ast,G+A,G-PK,PK,PKatt,CrdY,CrdR,xG,npxG,xAG,npxG+xAG,PrgC,PrgP,PrgR,Gls,Ast,G+A,G-PK,G+A-PK,xG,xAG,xG+xAG,npxG,npxG+xAG
João Carvalho,"MF,FW",27,1997,28,27,2308,25.6,6,3,9,6,0,0,5,1,1.8,1.8,4.1,5.9,39,135,128,0.23,0.12,0.35,0.23,0.35,0.07,0.16,0.23,0.07,0.23
Pedro Carvalho,"DF,MF",21,2003,19,6,765,8.5,0,2,2,0,0,0,2,0,0.9,0.9,2.3,3.2,30,35,57,0.00,0.24,0.24,0.00,0.24,0.10,0.28,0.38,0.10,0.38
Vitor Carvalho,MF,27,1997,23,18,1501,16.7,0,0,0,0,0,0,3,0,1.0,1.0,0.6,1.7,13,82,19,0.00,0.00,0.00,0.00,0.00,0.06,0.04,0.10,0.06,0.10
Facundo Cáseres,MF,23,2001,20,16,1404,15.6,0,0,0,0,0,0,3,0,0.4,0.4,0.7,1.1,7,65,10,0.00,0.00,0.00,0.00,0.00,0.03,0.05,0.07,0.03,0.07
Cassiano,FW,35,1989,26,24,1976,22.0,10,2,12,6,4,4,4,0,8.9,5.7,1.6,7.3,21,21,63,0.46,0.09,0.55,0.27,0.36,0.40,0.07,0.48,0.26,0.33
Jesús Castillo,MF,23,2001,15,9,822,9.1,0,0,0,0,0,0,1,0,0.7,0.7,0.9,1.6,4,37,10,0.00,0.00,0.00,0.00,0.00,0.08,0.09,0.18,0.08,0.18
André Castro,MF,36,1988,1,0,17,0.2,0,0,0,0,0,0,0,0,0.0,0.0,0.0,0.0,0,0,0,0.00,0.00,0.00,0.00,0.00,0.00,0.00,0.00,0.00,0.00
Cristian Castro,DF,23,2001,32,32,2745,30.5,1,1,2,1,0,0,5,0,0.6,0.6,1.4,2.0,10,65,1,0.03,0.03,0.07,0.03,0.07,0.02,0.04,0.07,0.02,0.07
Geny Catamo,"MF,DF",23,2001,30,20,1911,21.2,5,2,7,5,0,0,3,0,5.4,5.4,4.8,10.2,108,104,240,0.24,0.09,0.33,0.24,0.33,0.25,0.22,0.48,0.25,0.48
Cauê,FW,21,2002,15,7,667,7.4,1,0,1,1,0,0,3,1,0.8,0.8,0.1,0.9,7,12,35,0.13,0.00,0.13,0.13,0.13,0.11,0.01,0.12,0.11,0.12
Cauê,"FW,MF",21,2002,12,3,349,3.9,1,0,1,1,0,0,2,0,1.0,1.0,0.0,1.0,3,8,21,0.26,0.00,0.26,0.26,0.26,0.27,0.00,0.27,0.27,0.27
César,GK,32,1992,16,16,1440,16.0,0,0,0,0,0,0,1,0,0.0,0.0,0.0,0.0,0,0,0,0.00,0.00,0.00,0.00,0.00,0.00,0.00,0.00,0.00,0.00
Tidjany Chabrol,"FW,MF",22,2002,25,13,1046,11.6,1,2,3,1,0,0,4,1,1.8,1.8,1.0,2.8,37,29,78,0.09,0.17,0.26,0.09,0.26,0.16,0.08,0.24,0.16,0.24
Kevin Chamorro,GK,24,2000,4,4,360,4.0,0,0,0,0,0,0,0,0,0.0,0.0,0.0,0.0,0,0,0,0.00,0.00,0.00,0.00,0.00,0.00,0.00,0.00,0.00,0.00
Francisco Chissumba,DF,19,2005,16,16,1429,15.9,0,1,1,0,0,0,3,0,0.6,0.6,1.0,1.6,31,62,104,0.00,0.06,0.06,0.00,0.06,0.03,0.07,0.10,0.03,0.10
Till Cissokho,DF,24,2000,4,4,360,4.0,0,0,0,0,0,0,1,0,0.1,0.1,0.0,0.1,1,8,0,0.00,0.00,0.00,0.00,0.00,0.02,0.00,0.02,0.02,0.02
Clayton,DF,24,2000,2,2,180,2.0,0,0,0,0,0,0,1,0,0.0,0.0,0.0,0.0,0,8,0,0.00,0.00,0.00,0.00,0.00,0.00,0.00,0.00,0.00,0.00
Clayton,FW,25,1999,31,31,2707,30.1,14,2,16,11,3,3,13,1,12.7,10.3,1.7,12.1,40,30,143,0.47,0.07,0.53,0.37,0.43,0.42,0.06,0.48,0.34,0.40
Diego Collado,"MF,FW",23,2001,5,0,24,0.3,0,0,0,0,0,0,0,0,0.0,0.0,0.0,0.0,1,0,1,0.00,0.00,0.00,0.00,0.00,0.08,0.00,0.08,0.08,0.08
Semeu Commey,DF,20,2004,2,0,45,0.5,0,0,0,0,0,0,0,0,0.1,0.1,0.0,0.1,0,1,0,0.00,0.00,0.00,0.00,0.00,0.14,0.00,0.14,0.14,0.14
Fábio Conceição,"MF,FW",23,2001,11,7,680,7.6,0,0,0,0,0,0,0,0,0.5,0.5,0.7,1.2,9,18,41,0.00,0.00,0.00,0.00,0.00,0.06,0.10,0.16,0.06,0.16
Fábio Conceição,"FW,DF",23,2001,12,2,423,4.7,1,1,2,1,0,0,0,0,0.5,0.5,0.6,1.1,19,12,39,0.21,0.21,0.43,0.21,0.43,0.10,0.13,0.23,0.10,0.23
Leo Cordeiro,MF,28,1995,27,19,1866,20.7,1,1,2,1,0,0,3,0,1.9,1.9,0.6,2.5,26,108,46,0.05,0.05,0.10,0.05,0.10,0.09,0.03,0.12,0.09,0.12
Félix Correia,"FW,MF",23,2001,33,32,2892,32.1,9,3,12,6,3,3,3,0,9.1,6.8,5.4,12.2,81,163,242,0.28,0.09,0.37,0.19,0.28,0.28,0.17,0.45,0.21,0.38
Alberto costa,DF,20,2003,10,7,675,7.5,0,2,2,0,0,0,0,0,0.2,0.2,1.5,1.7,30,31,52,0.00,0.27,0.27,0.00,0.27,0.03,0.20,0.23,0.03,0.23
Player,Pos,Age,Born,MP,Starts,Min,90s,Gls,Ast,G+A,G-PK,PK,PKatt,CrdY,CrdR,xG,npxG,xAG,npxG+xAG,PrgC,PrgP,PrgR,Gls,Ast,G+A,G-PK,G+A-PK,xG,xAG,xG+xAG,npxG,npxG+xAG
Bruno Xavier Almeida Costa,"MF,FW",27,1997,18,11,919,10.2,2,1,3,1,1,1,0,0,1.7,0.9,1.8,2.7,16,40,35,0.20,0.10,0.29,0.10,0.20,0.17,0.17,0.34,0.09,0.26
Diogo Costa,GK,24,1999,32,32,2880,32.0,0,0,0,0,0,0,0,0,0.0,0.0,0.0,0.0,0,0,0,0.00,0.00,0.00,0.00,0.00,0.00,0.00,0.00,0.00,0.00
Gonçalo Costa,"DF,MF",24,2000,18,3,509,5.7,2,0,2,2,0,0,1,0,0.1,0.1,0.4,0.6,16,12,38,0.35,0.00,0.35,0.35,0.35,0.02,0.08,0.10,0.02,0.10
Hélder Costa,"FW,MF",30,1994,13,8,606,6.7,1,0,1,1,0,0,1,0,0.5,0.5,0.7,1.2,19,20,44,0.15,0.00,0.15,0.15,0.15,0.07,0.10,0.18,0.07,0.18
João Costa,FW,24,2000,24,8,728,8.1,3,0,3,3,0,0,1,0,4.0,4.0,1.3,5.3,3,10,28,0.37,0.00,0.37,0.37,0.37,0.50,0.16,0.66,0.50,0.66
João Paulo Santos Costa,GK,28,1996,14,14,1260,14.0,0,0,0,0,0,0,0,0,0.0,0.0,0.0,0.0,0,0,0,0.00,0.00,0.00,0.00,0.00,0.00,0.00,0.00,0.00,0.00
Michel Costa,MF,22,2001,10,7,597,6.6,0,0,0,0,0,0,4,0,0.0,0.0,0.1,0.2,3,26,8,0.00,0.00,0.00,0.00,0.00,0.01,0.02,0.03,0.01,0.03
Rui Costa,"FW,MF",28,1996,15,6,696,7.7,2,1,3,2,0,0,1,0,2.3,2.3,0.7,3.0,5,6,46,0.26,0.13,0.39,0.26,0.39,0.30,0.09,0.39,0.30,0.39
Marco Cruz,"DF,MF",20,2004,2,0,17,0.2,0,0,0,0,0,0,0,0,0.0,0.0,0.0,0.0,0,0,3,0.00,0.00,0.00,0.00,0.00,0.00,0.00,0.00,0.00,0.00
Sandro Cruz,DF,23,2001,25,24,2082,23.1,0,0,0,0,0,0,11,1,0.8,0.8,0.9,1.7,33,73,63,0.00,0.00,0.00,0.00,0.00,0.03,0.04,0.07,0.03,0.07
Augusto Dabo,DF,20,2004,13,7,546,6.1,0,1,1,0,0,0,0,0,0.1,0.1,0.1,0.2,6,17,10,0.00,0.16,0.16,0.00,0.16,0.02,0.01,0.03,0.02,0.03
Samuel Dahl,"DF,MF",24,2000,11,6,595,6.6,0,4,4,0,0,0,0,0,0.3,0.3,2.6,2.9,11,36,61,0.00,0.61,0.61,0.00,0.61,0.04,0.40,0.44,0.04,0.44
Amadou Dante,"DF,MF",23,2000,16,12,1059,11.8,0,0,0,0,0,0,1,0,0.1,0.1,1.4,1.5,24,43,47,0.00,0.00,0.00,0.00,0.00,0.01,0.12,0.13,0.01,0.13
Mathias De Amorim,MF,19,2004,24,10,1072,11.9,1,1,2,1,0,0,4,0,1.2,1.2,1.5,2.6,13,62,60,0.08,0.08,0.17,0.08,0.17,0.10,0.12,0.22,0.10,0.22
Zeno Debast,"DF,MF",20,2003,31,23,2126,23.6,0,3,3,0,0,0,3,0,0.5,0.5,2.3,2.8,24,192,23,0.00,0.13,0.13,0.00,0.13,0.02,0.10,0.12,0.02,0.12
Depú,FW,24,2000,3,0,43,0.5,0,0,0,0,0,0,0,0,0.2,0.2,0.0,0.2,0,0,3,0.00,0.00,0.00,0.00,0.00,0.53,0.00,0.53,0.53,0.53
Derick,"DF,MF",30,1993,23,17,1417,15.7,1,3,4,1,0,0,3,0,0.6,0.6,2.0,2.7,31,25,60,0.06,0.19,0.25,0.06,0.25,0.04,0.13,0.17,0.04,0.17
Ángel Di María,FW,36,1988,25,20,1646,18.3,8,5,13,3,5,5,5,0,8.9,5.0,5.2,10.1,70,160,199,0.44,0.27,0.71,0.16,0.44,0.49,0.28,0.77,0.27,0.55
Abdoulay Diaby,"FW,MF",33,1991,12,9,894,9.9,1,1,2,1,0,0,1,0,2.6,2.6,0.4,3.0,11,21,48,0.10,0.10,0.20,0.10,0.20,0.26,0.04,0.30,0.26,0.30
Matheus Dias,"MF,DF",22,2002,26,20,1750,19.4,0,1,1,0,0,0,7,0,0.3,0.3,0.8,1.1,19,84,8,0.00,0.05,0.05,0.00,0.05,0.01,0.04,0.05,0.01,0.05
Tiago Dias,"FW,DF",26,1998,8,0,71,0.8,0,0,0,0,0,0,1,0,0.0,0.0,0.3,0.3,8,0,15,0.00,0.00,0.00,0.00,0.00,0.00,0.37,0.37,0.00,0.37
Ousmane Diomande,DF,20,2003,31,29,2521,28.0,2,0,2,2,0,0,7,2,1.7,1.7,0.6,2.3,13,82,4,0.07,0.00,0.07,0.07,0.07,0.06,0.02,0.08,0.06,0.08
Tiago Djaló,DF,24,2000,8,6,590,6.6,0,0,0,0,0,0,2,0,0.4,0.4,0.2,0.5,13,23,5,0.00,0.00,0.00,0.00,0.00,0.06,0.02,0.08,0.06,0.08
Maxime Dominguez,MF,28,1996,4,3,249,2.8,0,0,0,0,0,0,0,0,0.2,0.2,0.3,0.6,5,11,9,0.00,0.00,0.00,0.00,0.00,0.09,0.12,0.21,0.09,0.21
Issiar Dramé,DF,25,1999,21,18,1589,17.7,0,0,0,0,0,0,3,0,0.7,0.7,0.2,0.9,16,19,7,0.00,0.00,0.00,0.00,0.00,0.04,0.01,0.05,0.04,0.05
Player,Pos,Age,Born,MP,Starts,Min,90s,Gls,Ast,G+A,G-PK,PK,PKatt,CrdY,CrdR,xG,npxG,xAG,npxG+xAG,PrgC,PrgP,PrgR,Gls,Ast,G+A,G-PK,G+A-PK,xG,xAG,xG+xAG,npxG,npxG+xAG
Dudu,"FW,MF",24,1999,21,17,1338,14.9,3,2,5,2,1,2,0,0,4.8,3.3,1.1,4.3,28,19,65,0.20,0.13,0.34,0.13,0.27,0.31,0.07,0.37,0.21,0.27
Carlos Eduardo,"FW,MF",21,2002,7,3,244,2.7,0,0,0,0,0,0,1,0,0.1,0.1,0.7,0.8,3,1,17,0.00,0.00,0.00,0.00,0.00,0.03,0.24,0.28,0.03,0.28
Marcus Edwards,"MF,FW",25,1998,6,1,111,1.2,1,0,1,1,0,0,0,0,0.6,0.6,0.2,0.7,15,11,16,0.81,0.00,0.81,0.81,0.81,0.46,0.14,0.60,0.46,0.60
Demir Ege Tıknaz,MF,19,2004,28,24,1976,22.0,4,2,6,4,0,0,7,0,2.0,2.0,1.6,3.6,23,96,17,0.18,0.09,0.27,0.18,0.27,0.09,0.07,0.16,0.09,0.16
Marvin Elimbi,DF,21,2003,11,5,434,4.8,0,0,0,0,0,0,2,0,0.0,0.0,0.0,0.0,3,7,0,0.00,0.00,0.00,0.00,0.00,0.00,0.01,0.01,0.00,0.01
Simon Elisor,FW,25,1999,15,6,597,6.6,4,0,4,4,0,0,2,0,3.6,3.6,0.5,4.1,11,10,37,0.60,0.00,0.60,0.60,0.60,0.54,0.08,0.62,0.54,0.62
Úmaro Embaló,"FW,MF",23,2001,7,0,148,1.6,2,0,2,2,0,0,0,0,1.7,1.7,0.0,1.7,4,4,16,1.22,0.00,1.22,1.22,1.22,1.06,0.00,1.06,1.06,1.06
Rui Encarnação,GK,26,1998,2,1,135,1.5,0,0,0,0,0,0,1,1,0.0,0.0,0.0,0.0,0,0,0,0.00,0.00,0.00,0.00,0.00,0.00,0.00,0.00,0.00,0.00
Ricardo Esgaio,DF,31,1993,9,2,230,2.6,0,0,0,0,0,0,0,1,0.0,0.0,0.4,0.4,5,13,4,0.00,0.00,0.00,0.00,0.00,0.00,0.16,0.16,0.00,0.16
Tiago Esgaio,DF,28,1995,25,25,2180,24.2,2,1,3,2,0,0,2,0,1.7,1.7,1.8,3.5,27,91,78,0.08,0.04,0.12,0.08,0.12,0.07,0.07,0.14,0.07,0.14
Dario Essugo,MF,19,2005,2,0,18,0.2,0,0,0,0,0,0,0,0,0.0,0.0,0.0,0.0,1,1,0,0.00,0.00,0.00,0.00,0.00,0.00,0.00,0.00,0.00,0.00
Luís Esteves,MF,26,1998,33,31,2808,31.2,0,3,3,0,0,0,6,0,2.8,2.8,3.1,5.9,54,167,77,0.00,0.10,0.10,0.00,0.10,0.09,0.10,0.19,0.09,0.19
Stephen Eustáquio,"MF,DF",27,1996,30,22,1918,21.3,0,0,0,0,0,0,7,0,1.0,1.0,1.7,2.6,11,149,41,0.00,0.00,0.00,0.00,0.00,0.05,0.08,0.12,0.05,0.12
Evanilson,FW,24,1999,1,0,8,0.1,0,0,0,0,0,0,0,0,0.0,0.0,0.0,0.0,0,0,0,0.00,0.00,0.00,0.00,0.00,0.00,0.00,0.00,0.00,0.00
Claudio Falcão,"DF,MF",30,1994,32,32,2851,31.7,1,2,3,1,0,0,10,1,2.1,2.1,1.8,3.9,7,81,13,0.03,0.06,0.09,0.03,0.09,0.07,0.06,0.12,0.07,0.12
Eduardo Felicíssimo,MF,17,2007,6,2,195,2.2,0,0,0,0,0,0,1,0,0.1,0.1,0.2,0.2,2,7,1,0.00,0.00,0.00,0.00,0.00,0.03,0.08,0.11,0.03,0.11
Nuno Felix,MF,20,2004,2,0,17,0.2,0,0,0,0,0,0,1,0,0.0,0.0,0.0,0.0,0,2,0,0.00,0.00,0.00,0.00,0.00,0.00,0.00,0.00,0.00,0.00
Vando Félix,"FW,MF",21,2002,16,5,548,6.1,0,0,0,0,0,0,2,0,0.3,0.3,0.5,0.8,20,16,51,0.00,0.00,0.00,0.00,0.00,0.05,0.08,0.13,0.05,0.13
Jorge Filipe Oliveira Fernandes,DF,27,1997,6,5,415,4.6,0,0,0,0,0,0,0,0,0.1,0.1,0.3,0.4,2,25,1,0.00,0.00,0.00,0.00,0.00,0.02,0.08,0.10,0.02,0.10
Lucas Fernandes,"MF,FW",26,1997,8,6,496,5.5,0,0,0,0,0,0,1,0,0.0,0.0,0.3,0.3,7,11,7,0.00,0.00,0.00,0.00,0.00,0.00,0.05,0.06,0.00,0.06
Martim Fernandes,DF,18,2006,25,15,1311,14.6,0,6,6,0,0,0,5,0,0.7,0.7,4.8,5.5,39,46,108,0.00,0.41,0.41,0.00,0.41,0.05,0.33,0.37,0.05,0.37
Mateus Fernandes,"FW,MF",20,2004,1,0,26,0.3,0,0,0,0,0,0,0,0,0.0,0.0,0.1,0.1,4,2,2,0.00,0.00,0.00,0.00,0.00,0.08,0.25,0.33,0.08,0.33
Roger Fernandes,"FW,MF",18,2005,28,21,1739,19.3,3,3,6,3,0,0,2,0,3.3,3.3,3.6,6.8,91,56,192,0.16,0.16,0.31,0.16,0.31,0.17,0.18,0.35,0.17,0.35
Rúben Fernandes,DF,38,1986,28,28,2503,27.8,1,1,2,1,0,0,4,1,1.2,1.2,0.6,1.8,21,85,10,0.04,0.04,0.07,0.04,0.07,0.04,0.02,0.06,0.04,0.06
Roberto Férnandez,FW,22,2002,15,5,505,5.6,2,0,2,2,0,0,1,0,1.5,1.5,0.2,1.7,6,5,31,0.36,0.00,0.36,0.36,0.36,0.27,0.04,0.31,0.27,0.31
Player,Pos,Age,Born,MP,Starts,Min,90s,Gls,Ast,G+A,G-PK,PK,PKatt,CrdY,CrdR,xG,npxG,xAG,npxG+xAG,PrgC,PrgP,PrgR,Gls,Ast,G+A,G-PK,G+A-PK,xG,xAG,xG+xAG,npxG,npxG+xAG
João Ferreira Barros,"MF,FW",18,2006,12,2,260,2.9,0,0,0,0,0,0,1,0,0.4,0.4,0.1,0.5,8,5,11,0.00,0.00,0.00,0.00,0.00,0.13,0.03,0.16,0.13,0.16
Filipe Ferreira,DF,33,1990,27,26,2223,24.7,0,0,0,0,0,0,3,0,0.2,0.2,0.4,0.6,21,68,30,0.00,0.00,0.00,0.00,0.00,0.01,0.01,0.02,0.01,0.02
Fernando Ferreira Fonseca,"DF,MF",27,1997,26,21,1908,21.2,0,0,0,0,0,0,9,0,0.3,0.3,1.8,2.1,38,72,59,0.00,0.00,0.00,0.00,0.00,0.01,0.08,0.10,0.01,0.10
João Ferreira,DF,23,2001,21,13,1311,14.6,0,1,1,0,0,0,6,0,0.6,0.6,1.0,1.5,27,69,40,0.00,0.07,0.07,0.00,0.07,0.04,0.07,0.11,0.04,0.11
Marcelo dos Santos Ferreira,DF,35,1989,33,33,2970,33.0,1,0,1,1,0,0,7,0,1.0,1.0,0.8,1.7,3,49,3,0.03,0.00,0.03,0.03,0.03,0.03,0.02,0.05,0.03,0.05
Pedro Ferreira,MF,26,1998,32,20,1826,20.3,0,4,4,0,0,0,8,0,1.3,1.3,1.5,2.9,9,50,30,0.00,0.20,0.20,0.00,0.20,0.07,0.08,0.14,0.07,0.14
Tiago Ferreira,"FW,DF",22,2002,3,1,53,0.6,0,0,0,0,0,0,0,0,0.0,0.0,0.1,0.1,0,2,6,0.00,0.00,0.00,0.00,0.00,0.05,0.11,0.16,0.05,0.16
Daniel Figueira,GK,26,1998,1,1,90,1.0,0,0,0,0,0,0,0,0,0.0,0.0,0.0,0.0,0,0,0,0.00,0.00,0.00,0.00,0.00,0.00,0.00,0.00,0.00,0.00
Sidoine Fogning,DF,22,2001,13,13,1170,13.0,0,0,0,0,0,0,3,0,0.2,0.2,0.2,0.3,2,29,2,0.00,0.00,0.00,0.00,0.00,0.01,0.01,0.03,0.01,0.03
Tiago Fonseca Morais,"FW,MF",20,2003,31,18,1562,17.4,4,0,4,4,0,1,1,0,3.8,3.0,1.7,4.7,36,63,101,0.23,0.00,0.23,0.23,0.23,0.22,0.10,0.32,0.17,0.27
José Fontán,DF,24,2000,29,29,2589,28.8,1,0,1,1,0,0,10,0,1.1,1.1,0.1,1.1,9,75,3,0.03,0.00,0.03,0.03,0.03,0.04,0.00,0.04,0.04,0.04
José Fonte,DF,40,1983,25,24,2024,22.5,0,0,0,0,0,0,5,1,0.9,0.9,0.1,1.0,4,32,4,0.00,0.00,0.00,0.00,0.00,0.04,0.00,0.04,0.04,0.04
Lucas França,GK,28,1996,33,33,2925,32.5,0,0,0,0,0,0,5,0,0.0,0.0,0.1,0.1,0,0,0,0.00,0.00,0.00,0.00,0.00,0.00,0.00,0.00,0.00,0.00
André Franco,"MF,FW",26,1998,17,4,435,4.8,1,0,1,1,0,0,4,0,0.5,0.5,1.3,1.8,8,26,19,0.21,0.00,0.21,0.21,0.21,0.11,0.27,0.37,0.11,0.37
Afonso Freitas,DF,24,2000,1,0,19,0.2,0,0,0,0,0,0,0,0,0.0,0.0,0.0,0.0,0,0,0,0.00,0.00,0.00,0.00,0.00,0.00,0.00,0.00,0.00,0.00
Iván Fresneda,"DF,MF",19,2004,18,11,961,10.7,3,0,3,3,0,0,2,0,1.9,1.9,1.0,3.0,28,42,70,0.28,0.00,0.28,0.28,0.28,0.18,0.10,0.28,0.18,0.28
Godfried Frimpong,DF,25,1999,30,29,2539,28.2,1,3,4,1,0,0,6,0,0.6,0.6,2.8,3.3,28,66,98,0.04,0.11,0.14,0.04,0.14,0.02,0.10,0.12,0.02,0.12
Kanya Fujimoto,MF,25,1999,30,28,2219,24.7,5,5,10,4,1,1,1,0,4.0,3.2,4.2,7.4,34,93,124,0.20,0.20,0.41,0.16,0.37,0.16,0.17,0.33,0.13,0.30
Taichi Fukui,MF,20,2004,30,25,2183,24.3,0,2,2,0,0,0,5,0,0.8,0.8,1.4,2.2,25,103,30,0.00,0.08,0.08,0.00,0.08,0.03,0.06,0.09,0.03,0.09
Rúben Furtado,"FW,MF",18,2005,4,0,51,0.6,0,0,0,0,0,0,0,0,0.5,0.5,0.1,0.6,4,2,5,0.00,0.00,0.00,0.00,0.00,0.87,0.11,0.98,0.87,0.98
Tiago Gabriel,DF,19,2004,11,11,980,10.9,1,0,1,1,0,0,2,0,0.6,0.6,0.0,0.6,2,22,1,0.09,0.00,0.09,0.09,0.09,0.05,0.00,0.06,0.05,0.06
Galeno,"FW,DF",26,1997,18,17,1445,16.1,8,0,8,4,4,6,4,0,9.1,4.2,2.2,6.4,56,58,175,0.50,0.00,0.50,0.25,0.25,0.57,0.14,0.71,0.26,0.40
Tiago Galletto,MF,22,2002,3,0,90,1.0,0,0,0,0,0,0,2,0,0.0,0.0,0.0,0.0,0,1,0,0.00,0.00,0.00,0.00,0.00,0.02,0.00,0.02,0.02,0.02
Nino Galović,DF,32,1992,1,1,90,1.0,0,0,0,0,0,0,0,0,0.0,0.0,0.0,0.0,0,1,0,0.00,0.00,0.00,0.00,0.00,0.00,0.00,0.00,0.00,0.00
João Tiago Serrão Garcês,MF,31,1993,1,0,17,0.2,0,0,0,0,0,0,0,0,0.0,0.0,0.0,0.0,0,0,0,0.00,0.00,0.00,0.00,0.00,0.07,0.00,0.07,0.07,0.07
Player,Pos,Age,Born,MP,Starts,Min,90s,Gls,Ast,G+A,G-PK,PK,PKatt,CrdY,CrdR,xG,npxG,xAG,npxG+xAG,PrgC,PrgP,PrgR,Gls,Ast,G+A,G-PK,G+A-PK,xG,xAG,xG+xAG,npxG,npxG+xAG
García,DF,22,2002,33,31,2799,31.1,0,3,3,0,0,0,5,0,0.4,0.4,3.2,3.6,56,103,109,0.00,0.10,0.10,0.00,0.10,0.01,0.10,0.11,0.01,0.11
Fabrício Garcia,"FW,DF",23,2001,24,15,1269,14.1,0,0,0,0,0,0,3,0,1.9,1.9,0.8,2.6,52,15,96,0.00,0.00,0.00,0.00,0.00,0.13,0.05,0.19,0.13,0.19
Santiago García,MF,22,2001,27,16,1475,16.4,4,2,6,4,0,0,10,0,1.4,1.4,1.3,2.7,17,66,46,0.24,0.12,0.37,0.24,0.37,0.09,0.08,0.17,0.09,0.17
Bruno Gaspar,DF,31,1993,13,10,918,10.2,0,0,0,0,0,0,2,0,0.2,0.2,0.9,1.1,17,45,72,0.00,0.00,0.00,0.00,0.00,0.02,0.09,0.11,0.02,0.11
Mory Gbane,"MF,DF",23,2000,18,16,1471,16.3,1,0,1,1,0,0,3,0,1.2,1.2,0.2,1.4,17,48,10,0.06,0.00,0.06,0.06,0.06,0.07,0.01,0.09,0.07,0.09
Geovanny,MF,20,2004,6,1,164,1.8,0,0,0,0,0,0,0,0,0.1,0.1,0.0,0.1,0,6,5,0.00,0.00,0.00,0.00,0.00,0.04,0.00,0.04,0.04,0.04
André Geraldes,"MF,DF",33,1991,26,13,1342,14.9,0,1,1,0,0,0,5,0,0.3,0.3,1.1,1.4,14,38,47,0.00,0.07,0.07,0.00,0.07,0.02,0.07,0.10,0.02,0.10
Ismaël Gharbi,"FW,MF",20,2004,23,13,1058,11.8,4,3,7,4,0,0,2,0,2.8,2.8,1.4,4.1,35,46,115,0.34,0.26,0.60,0.34,0.60,0.24,0.12,0.35,0.24,0.35
Marco van Ginkel,"MF,FW",31,1992,11,9,682,7.6,1,1,2,0,1,1,2,0,1.6,0.8,0.5,1.2,3,17,22,0.13,0.13,0.26,0.00,0.13,0.21,0.06,0.27,0.10,0.16
José Gomes,DF,28,1996,28,27,2344,26.0,3,1,4,3,0,0,3,0,1.5,1.5,1.8,3.3,32,65,110,0.12,0.04,0.15,0.12,0.15,0.06,0.07,0.13,0.06,0.13
Pedro gomes,DF,21,2003,21,18,1452,16.1,0,0,0,0,0,0,7,1,0.9,0.9,0.1,1.0,2,35,16,0.00,0.00,0.00,0.00,0.00,0.06,0.01,0.06,0.06,0.06
Vítor Gomes,MF,36,1987,6,1,93,1.0,0,1,1,0,0,0,0,0,0.0,0.0,0.6,0.6,0,7,1,0.00,0.97,0.97,0.00,0.97,0.00,0.62,0.62,0.00,0.62
William Gomes,"MF,FW",18,2006,8,0,155,1.7,0,0,0,0,0,0,0,0,0.2,0.2,0.3,0.5,4,7,19,0.00,0.00,0.00,0.00,0.00,0.13,0.18,0.32,0.13,0.32
Victor Gomez,DF,24,2000,27,21,1908,21.2,0,2,2,0,0,0,1,0,0.9,0.9,1.9,2.8,38,132,160,0.00,0.09,0.09,0.00,0.09,0.04,0.09,0.13,0.04,0.13
Nuno Gonçalo Moreira,"FW,MF",25,1999,21,18,1491,16.6,5,5,10,5,0,0,3,1,3.0,3.0,2.1,5.1,40,79,89,0.30,0.30,0.60,0.30,0.60,0.18,0.13,0.31,0.18,0.31
Franscisco Gonçalves,DF,20,2004,1,0,18,0.2,0,0,0,0,0,0,1,0,0.0,0.0,0.0,0.0,0,0,0,0.00,0.00,0.00,0.00,0.00,0.00,0.00,0.00,0.00,0.00
João Gonçalves,GK,23,2000,4,4,360,4.0,0,0,0,0,0,0,0,0,0.0,0.0,0.0,0.0,0,0,0,0.00,0.00,0.00,0.00,0.00,0.00,0.00,0.00,0.00,0.00
Pedro Gonçalves,"MF,FW",26,1998,14,12,870,9.7,5,4,9,5,0,0,3,0,4.2,4.2,4.1,8.4,21,51,70,0.52,0.41,0.93,0.52,0.93,0.44,0.43,0.86,0.44,0.86
Cristo González,MF,26,1997,2,2,180,2.0,0,1,1,0,0,0,0,0,0.2,0.2,0.8,1.0,3,10,10,0.00,0.50,0.50,0.00,0.50,0.08,0.42,0.50,0.08,0.50
Mario González,FW,28,1996,16,3,576,6.4,2,2,4,2,0,0,0,0,1.9,1.9,0.5,2.4,3,4,31,0.31,0.31,0.62,0.31,0.62,0.29,0.08,0.37,0.29,0.37
Nicolás González,MF,22,2002,17,17,1441,16.0,5,3,8,5,0,0,6,1,4.3,4.3,0.7,5.0,22,114,42,0.31,0.19,0.50,0.31,0.50,0.27,0.05,0.31,0.27,0.31
Jean Gorby,MF,22,2002,24,14,1217,13.5,1,0,1,1,0,0,3,0,0.5,0.5,0.2,0.7,4,68,12,0.07,0.00,0.07,0.07,0.07,0.04,0.01,0.05,0.04,0.05
João Goulart Silva,DF,24,2000,33,32,2838,31.5,2,0,2,2,0,0,4,0,1.0,1.0,0.5,1.4,16,50,2,0.06,0.00,0.06,0.06,0.06,0.03,0.02,0.05,0.03,0.05
Tiago Gouveia,"FW,DF",23,2001,4,0,103,1.1,1,1,2,1,0,0,1,0,0.8,0.8,0.7,1.5,6,8,17,0.87,0.87,1.75,0.87,1.75,0.70,0.64,1.34,0.70,1.34
Pablo Gozalbez,MF,23,2001,17,8,648,7.2,1,0,1,1,0,0,1,0,0.9,0.9,0.5,1.5,9,37,45,0.14,0.00,0.14,0.14,0.14,0.13,0.07,0.20,0.13,0.20
Player,Pos,Age,Born,MP,Starts,Min,90s,Gls,Ast,G+A,G-PK,PK,PKatt,CrdY,CrdR,xG,npxG,xAG,npxG+xAG,PrgC,PrgP,PrgR,Gls,Ast,G+A,G-PK,G+A-PK,xG,xAG,xG+xAG,npxG,npxG+xAG
João Graça,"MF,FW",29,1995,16,3,493,5.5,1,0,1,1,0,0,1,0,1.2,1.2,0.1,1.2,11,19,25,0.18,0.00,0.18,0.18,0.18,0.21,0.01,0.22,0.21,0.22
Samuel Granada,FW,24,2000,4,3,240,2.7,0,1,1,0,0,0,2,1,0.9,0.9,0.4,1.4,1,4,12,0.00,0.37,0.37,0.00,0.37,0.35,0.16,0.51,0.35,0.51
Jaume Grau,MF,27,1997,29,25,2119,23.5,2,2,4,2,0,0,13,0,0.6,0.6,1.0,1.6,10,87,11,0.08,0.08,0.17,0.08,0.17,0.02,0.04,0.07,0.02,0.07
Marko Grujić,MF,28,1996,2,0,33,0.4,0,0,0,0,0,0,0,0,0.0,0.0,0.4,0.4,1,3,5,0.00,0.00,0.00,0.00,0.00,0.00,1.14,1.14,0.00,1.14
Marko Gudžulić,GK,22,2002,2,2,180,2.0,0,0,0,0,0,0,1,0,0.0,0.0,0.0,0.0,0,0,0,0.00,0.00,0.00,0.00,0.00,0.00,0.00,0.00,0.00,0.00
Rafik Guitane,"FW,MF",25,1999,21,9,857,9.5,0,4,4,0,0,0,0,0,1.0,1.0,3.0,4.0,25,47,67,0.00,0.42,0.42,0.00,0.42,0.10,0.32,0.42,0.10,0.42
Rafik Guitane,FW,25,1999,1,0,2,0.0,0,0,0,0,0,0,0,0,0.0,0.0,0.0,0.0,0,0,0,0.00,0.00,0.00,0.00,0.00,0.00,0.00,0.00,0.00,0.00
Deniz Gül,FW,20,2004,14,5,444,4.9,1,0,1,1,0,0,0,0,1.4,1.4,0.4,1.8,6,9,24,0.20,0.00,0.20,0.20,0.20,0.29,0.09,0.37,0.29,0.37
Viktor Gyökeres,FW,26,1998,33,31,2804,31.2,39,7,46,27,12,12,4,0,30.8,21.4,7.1,28.5,133,68,335,1.25,0.22,1.48,0.87,1.09,0.99,0.23,1.22,0.69,0.92
Justin de Haas,DF,24,2000,29,27,2468,27.4,2,0,2,1,1,1,5,0,1.9,1.1,0.2,1.3,9,79,4,0.07,0.00,0.07,0.04,0.04,0.07,0.01,0.08,0.04,0.05
Habraão,FW,23,2001,1,0,1,0.0,0,0,0,0,0,0,0,0,0.0,0.0,0.0,0.0,0,0,0,0.00,0.00,0.00,0.00,0.00,0.00,0.00,0.00,0.00,0.00
Tomás Händel,MF,23,2000,32,29,2516,28.0,2,1,3,2,0,0,5,0,1.6,1.6,1.9,3.5,40,174,53,0.07,0.04,0.11,0.07,0.11,0.06,0.07,0.13,0.06,0.13
Conrad Harder,"FW,MF",19,2005,28,6,784,8.7,5,5,10,5,0,0,0,0,3.0,3.0,2.9,5.8,21,11,80,0.57,0.57,1.15,0.57,1.15,0.34,0.33,0.67,0.34,0.67
Thiago Helguera,MF,18,2006,1,0,9,0.1,0,0,0,0,0,0,0,0,0.0,0.0,0.0,0.0,0,0,0,0.00,0.00,0.00,0.00,0.00,0.00,0.00,0.00,0.00,0.00
Gustavo Henrique,"MF,FW",25,1999,4,4,228,2.5,0,1,1,0,0,0,0,0,0.0,0.0,0.1,0.2,3,2,14,0.00,0.39,0.39,0.00,0.39,0.01,0.05,0.06,0.01,0.06
Morten Hjulmand,MF,25,1999,28,26,2214,24.6,2,2,4,1,1,1,11,1,2.0,1.2,1.8,3.0,13,157,32,0.08,0.08,0.16,0.04,0.12,0.08,0.07,0.15,0.05,0.12
Jordan Holsgrove,MF,24,1999,28,26,2383,26.5,1,4,5,1,0,0,6,0,1.1,1.1,4.0,5.1,26,176,36,0.04,0.15,0.19,0.04,0.19,0.04,0.15,0.19,0.04,0.19
Lukáš Horníček,GK,22,2002,17,17,1530,17.0,0,0,0,0,0,0,0,0,0.0,0.0,0.0,0.0,0,0,0,0.00,0.00,0.00,0.00,0.00,0.00,0.00,0.00,0.00,0.00
André Horta,MF,27,1996,12,6,508,5.6,0,4,4,0,0,0,0,0,0.6,0.6,1.2,1.8,21,57,18,0.00,0.71,0.71,0.00,0.71,0.10,0.21,0.31,0.10,0.31
Ricardo Horta,"MF,FW",29,1994,34,32,2837,31.5,10,5,15,10,0,0,2,0,7.9,7.9,5.2,13.1,28,122,166,0.32,0.16,0.48,0.32,0.48,0.25,0.17,0.42,0.25,0.42
Igor,MF,21,2003,13,9,800,8.9,0,0,0,0,0,0,4,0,0.2,0.2,1.0,1.1,3,29,3,0.00,0.00,0.00,0.00,0.00,0.02,0.11,0.13,0.02,0.13
André Inácio,"MF,FW",22,2002,11,7,638,7.1,1,1,2,1,0,0,1,0,1.8,1.8,1.1,2.9,25,8,34,0.14,0.14,0.28,0.14,0.28,0.25,0.16,0.41,0.25,0.41
André Inácio,"FW,MF",22,2002,16,13,1178,13.1,1,1,2,1,0,0,1,0,2.4,2.4,1.3,3.8,51,33,94,0.08,0.08,0.15,0.08,0.15,0.19,0.10,0.29,0.19,0.29
Gonçalo Inácio,DF,22,2001,28,25,2255,25.1,3,2,5,3,0,0,6,0,2.6,2.6,0.8,3.4,32,184,14,0.12,0.08,0.20,0.12,0.20,0.10,0.03,0.14,0.10,0.14
Isaac,FW,20,2004,27,15,1233,13.7,3,1,4,3,0,0,3,0,3.2,3.2,0.4,3.6,7,12,58,0.22,0.07,0.29,0.22,0.29,0.23,0.03,0.26,0.23,0.26
Player,Pos,Age,Born,MP,Starts,Min,90s,Gls,Ast,G+A,G-PK,PK,PKatt,CrdY,CrdR,xG,npxG,xAG,npxG+xAG,PrgC,PrgP,PrgR,Gls,Ast,G+A,G-PK,G+A-PK,xG,xAG,xG+xAG,npxG,npxG+xAG
Ismael,MF,25,1999,29,25,2021,22.5,1,1,2,1,0,0,6,0,1.9,1.9,0.7,2.6,14,95,35,0.04,0.04,0.09,0.04,0.09,0.08,0.03,0.12,0.08,0.12
Franco Israel,GK,24,2000,11,11,990,11.0,0,0,0,0,0,0,1,0,0.0,0.0,0.0,0.0,0,0,0,0.00,0.00,0.00,0.00,0.00,0.00,0.00,0.00,0.00,0.00
Ivan Jaime Pajuelo,FW,23,2000,9,5,443,4.9,2,2,4,2,0,0,1,0,1.2,1.2,0.6,1.9,8,25,37,0.41,0.41,0.81,0.41,0.81,0.25,0.13,0.38,0.25,0.38
Jason,"FW,MF",30,1994,32,25,2253,25.0,5,1,6,4,1,3,5,0,6.4,4.1,3.4,7.4,27,80,176,0.20,0.04,0.24,0.16,0.20,0.26,0.13,0.39,0.16,0.30
Jhonatan,GK,33,1991,8,8,720,8.0,0,0,0,0,0,0,1,0,0.0,0.0,0.0,0.0,0,0,0,0.00,0.00,0.00,0.00,0.00,0.00,0.00,0.00,0.00,0.00
Diederrick Joel,FW,30,1993,14,8,860,9.6,2,0,2,2,0,1,1,0,2.3,1.5,1.1,2.6,5,16,26,0.21,0.00,0.21,0.21,0.21,0.24,0.11,0.35,0.16,0.27
Joel Jorquera,FW,23,2000,12,4,434,4.8,1,0,1,1,0,0,0,0,0.5,0.5,0.1,0.6,15,15,23,0.21,0.00,0.21,0.21,0.21,0.09,0.03,0.12,0.09,0.12
Luiz Lúcio Reis Júnior,GK,23,2001,1,1,90,1.0,0,0,0,0,0,0,1,0,0.0,0.0,0.0,0.0,0,0,0,0.00,0.00,0.00,0.00,0.00,0.00,0.00,0.00,0.00,0.00
Samuel Justo,MF,20,2004,5,2,206,2.3,0,0,0,0,0,0,0,0,0.2,0.2,0.1,0.3,1,13,12,0.00,0.00,0.00,0.00,0.00,0.10,0.04,0.14,0.10,0.14
Issa Kaboré,DF,23,2001,3,0,13,0.1,0,0,0,0,0,0,0,0,0.0,0.0,0.0,0.0,1,3,3,0.00,0.00,0.00,0.00,0.00,0.00,0.00,0.00,0.00,0.00
Kaio,FW,20,2004,17,16,1299,14.4,2,3,5,2,0,0,4,0,2.7,2.7,2.3,5.0,45,61,125,0.14,0.21,0.35,0.14,0.35,0.18,0.16,0.35,0.18,0.35
Kaique,GK,21,2003,6,6,540,6.0,0,0,0,0,0,0,1,0,0.0,0.0,0.0,0.0,0,0,0,0.00,0.00,0.00,0.00,0.00,0.00,0.00,0.00,0.00,0.00
Osman Kakay,DF,26,1997,9,6,577,6.4,0,0,0,0,0,0,3,1,0.0,0.0,0.2,0.2,5,16,23,0.00,0.00,0.00,0.00,0.00,0.00,0.03,0.04,0.00,0.04
Kali,DF,20,2003,1,0,1,0.0,0,0,0,0,0,0,1,0,0.0,0.0,0.0,0.0,0,0,0,0.00,0.00,0.00,0.00,0.00,0.00,0.00,0.00,0.00,0.00
Issiaka Kamate,"FW,MF",19,2004,8,4,350,3.9,0,0,0,0,0,0,0,0,0.1,0.1,0.4,0.5,8,8,19,0.00,0.00,0.00,0.00,0.00,0.03,0.10,0.13,0.03,0.13
Jorge Karse,DF,19,2005,1,0,3,0.0,0,0,0,0,0,0,0,0,0.0,0.0,0.0,0.0,0,0,0,0.00,0.00,0.00,0.00,0.00,0.00,0.00,0.00,0.00,0.00
Kazu,DF,24,2000,11,6,533,5.9,0,0,0,0,0,0,2,0,0.0,0.0,0.3,0.3,7,25,30,0.00,0.00,0.00,0.00,0.00,0.00,0.05,0.05,0.00,0.05
Keliano,MF,21,2003,21,13,976,10.8,0,1,1,0,0,0,7,0,0.2,0.2,0.2,0.4,8,39,9,0.00,0.09,0.09,0.00,0.09,0.02,0.02,0.04,0.02,0.04
Kewin,GK,28,1995,29,29,2610,29.0,0,0,0,0,0,0,4,0,0.0,0.0,0.0,0.0,0,0,0,0.00,0.00,0.00,0.00,0.00,0.00,0.00,0.00,0.00,0.00
Kikas,FW,25,1998,32,23,2104,23.4,6,1,7,6,0,0,4,0,6.6,6.6,0.9,7.5,26,19,107,0.26,0.04,0.30,0.26,0.30,0.28,0.04,0.32,0.28,0.32
Gustavo Klismahn,"MF,FW",24,1999,17,9,822,9.1,0,3,3,0,0,0,2,0,0.5,0.5,1.7,2.1,15,35,30,0.00,0.33,0.33,0.00,0.33,0.05,0.18,0.23,0.05,0.23
Ruben Kluivert,DF,23,2001,21,13,1229,13.7,1,0,1,1,0,0,5,0,0.6,0.6,0.1,0.7,2,27,5,0.07,0.00,0.07,0.07,0.07,0.04,0.00,0.05,0.04,0.05
Koka,"FW,MF",31,1993,9,0,167,1.9,1,0,1,1,0,0,2,0,0.8,0.8,0.2,1.1,3,4,5,0.54,0.00,0.54,0.54,0.54,0.45,0.13,0.58,0.45,0.58
Orkun Kökçü,MF,23,2000,33,30,2633,29.3,7,7,14,5,2,2,8,0,4.7,3.1,7.5,10.6,65,309,110,0.24,0.24,0.48,0.17,0.41,0.16,0.26,0.42,0.11,0.36
Moussa Koné,"MF,FW",27,1996,7,4,311,3.5,0,0,0,0,0,0,0,0,0.6,0.6,0.1,0.7,1,0,11,0.00,0.00,0.00,0.00,0.00,0.16,0.03,0.19,0.16,0.19
Player,Pos,Age,Born,MP,Starts,Min,90s,Gls,Ast,G+A,G-PK,PK,PKatt,CrdY,CrdR,xG,npxG,xAG,npxG+xAG,PrgC,PrgP,PrgR,Gls,Ast,G+A,G-PK,G+A-PK,xG,xAG,xG+xAG,npxG,npxG+xAG
Konstantinos Kostoulas,DF,19,2005,3,2,191,2.1,0,0,0,0,0,0,2,0,0.0,0.0,0.0,0.0,0,3,0,0.00,0.00,0.00,0.00,0.00,0.00,0.00,0.00,0.00,0.00
Vladan Kovačević,GK,26,1998,6,6,540,6.0,0,0,0,0,0,0,0,0,0.0,0.0,0.0,0.0,0,0,0,0.00,0.00,0.00,0.00,0.00,0.00,0.00,0.00,0.00,0.00
Andrian Kraev,MF,25,1999,26,20,1664,18.5,1,0,1,1,0,0,9,0,1.7,1.7,0.1,1.8,4,62,13,0.05,0.00,0.05,0.05,0.05,0.09,0.01,0.10,0.09,0.10
Layvin Kurzawa,"DF,MF",31,1992,4,2,170,1.9,0,0,0,0,0,0,2,0,0.0,0.0,0.1,0.1,2,2,10,0.00,0.00,0.00,0.00,0.00,0.02,0.03,0.05,0.02,0.05
Chiheb Labidi,"MF,FW",23,2001,17,4,411,4.6,1,0,1,1,0,0,3,0,0.1,0.1,0.1,0.3,6,26,5,0.22,0.00,0.22,0.22,0.22,0.03,0.03,0.06,0.03,0.06
André Lacximicant,FW,23,2001,27,11,993,11.0,5,3,8,5,0,0,4,0,5.6,5.6,1.1,6.7,27,14,51,0.45,0.27,0.73,0.45,0.73,0.50,0.10,0.60,0.50,0.60
Chico Lamba,DF,21,2003,26,25,2265,25.2,1,2,3,1,0,0,6,0,0.7,0.7,0.6,1.3,9,63,5,0.04,0.08,0.12,0.04,0.12,0.03,0.02,0.05,0.03,0.05
Larra,"MF,DF",26,1997,32,26,2242,24.9,2,3,5,2,0,0,9,1,1.9,1.9,2.8,4.7,51,56,116,0.08,0.12,0.20,0.08,0.20,0.08,0.11,0.19,0.08,0.19
Leonardo Lelo,"MF,DF",24,2000,32,32,2848,31.6,1,4,5,1,0,0,2,0,1.4,1.4,4.5,5.9,32,107,141,0.03,0.13,0.16,0.03,0.16,0.04,0.14,0.19,0.04,0.19
Marcos Leonardo,MF,21,2003,3,0,82,0.9,1,0,1,0,1,1,0,0,1.3,0.5,0.0,0.5,4,2,6,1.10,0.00,1.10,0.00,0.00,1.38,0.03,1.41,0.52,0.55
Guilherme Liberato,MF,23,2001,4,0,45,0.5,0,0,0,0,0,0,0,0,0.0,0.0,0.0,0.0,0,3,0,0.00,0.00,0.00,0.00,0.00,0.00,0.00,0.00,0.00,0.00
Otso Liimatta,"FW,MF",20,2004,5,1,121,1.3,0,0,0,0,0,0,1,0,0.3,0.3,0.1,0.4,2,4,12,0.00,0.00,0.00,0.00,0.00,0.21,0.07,0.28,0.21,0.28
Rúben Lima,DF,34,1989,24,20,1778,19.8,0,2,2,0,0,0,3,1,0.1,0.1,1.9,2.0,6,65,3,0.00,0.10,0.10,0.00,0.10,0.00,0.10,0.10,0.00,0.10
Yan Lincon,FW,21,2002,8,3,262,2.9,3,0,3,3,0,0,2,0,0.6,0.6,0.0,0.6,3,4,8,1.03,0.00,1.03,1.03,1.03,0.21,0.01,0.22,0.21,0.22
Jérémy Livolant,"FW,MF",26,1998,26,20,1802,20.0,4,4,8,4,0,0,1,1,4.3,4.3,2.7,7.0,52,44,120,0.20,0.20,0.40,0.20,0.40,0.21,0.13,0.35,0.21,0.35
Danny Loader,"FW,MF",23,2000,29,11,1071,11.9,3,1,4,2,1,1,3,0,4.2,3.4,0.8,4.1,18,31,71,0.25,0.08,0.34,0.17,0.25,0.35,0.06,0.41,0.28,0.35
Samuel Lobato,"FW,MF",22,2001,12,0,74,0.8,0,0,0,0,0,0,1,0,0.0,0.0,0.0,0.0,2,1,7,0.00,0.00,0.00,0.00,0.00,0.00,0.00,0.00,0.00,0.00
Tom van de Looi,MF,25,1999,27,18,1753,19.5,0,2,2,0,0,0,4,0,0.7,0.7,0.8,1.5,10,128,14,0.00,0.10,0.10,0.00,0.10,0.04,0.04,0.08,0.04,0.08
Miguel Lopes,DF,37,1986,15,13,1144,12.7,0,0,0,0,0,0,3,0,0.3,0.3,0.1,0.4,3,30,1,0.00,0.00,0.00,0.00,0.00,0.03,0.01,0.03,0.03,0.03
Rony Lopes,"MF,FW",28,1995,14,14,1128,12.5,1,0,1,1,0,1,4,0,3.1,2.3,1.4,3.7,12,41,43,0.08,0.00,0.08,0.08,0.08,0.25,0.11,0.36,0.19,0.29
Vasco Lopes,"FW,MF",24,1999,24,10,1047,11.6,2,2,4,2,0,0,6,0,1.8,1.8,1.4,3.2,55,45,78,0.17,0.17,0.34,0.17,0.34,0.15,0.12,0.27,0.15,0.27
Mamadou Loum,"MF,DF",27,1996,21,7,707,7.9,0,0,0,0,0,0,4,1,0.4,0.4,0.5,0.9,5,44,2,0.00,0.00,0.00,0.00,0.00,0.05,0.06,0.11,0.05,0.11
Jonatan Lucca,MF,30,1994,8,2,271,3.0,0,0,0,0,0,0,1,0,0.2,0.2,0.0,0.2,1,12,5,0.00,0.00,0.00,0.00,0.00,0.05,0.01,0.06,0.05,0.06
Florentino Luís,MF,24,1999,26,24,1969,21.9,2,1,3,2,0,0,7,0,1.4,1.4,0.7,2.0,15,127,16,0.09,0.05,0.14,0.09,0.14,0.06,0.03,0.09,0.06,0.09
Zé Luís,FW,33,1991,25,16,1384,15.4,3,1,4,1,2,2,4,0,4.2,2.6,2.1,4.7,10,26,56,0.20,0.07,0.26,0.07,0.13,0.27,0.13,0.41,0.17,0.30
Player,Pos,Age,Born,MP,Starts,Min,90s,Gls,Ast,G+A,G-PK,PK,PKatt,CrdY,CrdR,xG,npxG,xAG,npxG+xAG,PrgC,PrgP,PrgR,Gls,Ast,G+A,G-PK,G+A-PK,xG,xAG,xG+xAG,npxG,npxG+xAG
Luismi,FW,23,2001,31,13,1369,15.2,5,3,8,5,0,0,1,0,5.4,5.4,1.1,6.5,22,21,65,0.33,0.20,0.53,0.33,0.53,0.35,0.07,0.43,0.35,0.43
Vitali Lystsov,DF,29,1995,8,5,474,5.3,1,0,1,1,0,0,2,0,0.1,0.1,0.0,0.1,1,16,3,0.19,0.00,0.19,0.19,0.19,0.02,0.00,0.02,0.02,0.02
Rúben Macedo,"FW,MF",28,1996,27,10,1198,13.3,1,1,2,0,1,1,0,0,3.0,2.3,2.2,4.4,57,17,78,0.08,0.08,0.15,0.00,0.08,0.23,0.16,0.39,0.17,0.33
Tiago Machado,"FW,MF",20,2004,11,0,122,1.4,0,0,0,0,0,0,0,0,0.2,0.2,0.2,0.4,0,4,10,0.00,0.00,0.00,0.00,0.00,0.13,0.17,0.30,0.13,0.30
Madson,FW,24,1999,19,16,1173,13.0,2,1,3,2,0,0,1,0,2.0,2.0,1.6,3.6,42,29,90,0.15,0.08,0.23,0.15,0.23,0.15,0.13,0.28,0.15,0.28
Miguel Maga,DF,21,2002,18,16,1391,15.5,0,1,1,0,0,0,2,0,0.2,0.2,1.1,1.3,23,61,96,0.00,0.06,0.06,0.00,0.06,0.01,0.07,0.08,0.01,0.08
Otar Mamageishvili,MF,21,2003,4,0,46,0.5,0,0,0,0,0,0,2,0,0.0,0.0,0.0,0.0,0,0,0,0.00,0.00,0.00,0.00,0.00,0.08,0.00,0.08,0.08,0.08
Eliaquim Mangala,DF,33,1991,9,4,424,4.7,0,0,0,0,0,0,4,0,0.0,0.0,0.0,0.0,2,3,0,0.00,0.00,0.00,0.00,0.00,0.00,0.00,0.00,0.00,0.00
Ricardo Mangas,FW,26,1998,4,4,339,3.8,0,0,0,0,0,0,0,0,0.9,0.9,0.3,1.2,9,4,25,0.00,0.00,0.00,0.00,0.00,0.24,0.07,0.32,0.24,0.32
Brian Mansilla,"FW,MF",22,2002,12,3,340,3.8,0,0,0,0,0,1,0,0,1.5,0.7,0.9,1.6,4,9,13,0.00,0.00,0.00,0.00,0.00,0.39,0.24,0.63,0.18,0.43
Nico Mantl,GK,24,2000,29,29,2610,29.0,0,0,0,0,0,0,6,0,0.0,0.0,0.0,0.0,0,0,1,0.00,0.00,0.00,0.00,0.00,0.00,0.00,0.00,0.00,0.00
Manú,"FW,DF",18,2005,3,0,41,0.5,0,0,0,0,0,0,1,0,0.0,0.0,0.0,0.0,0,0,2,0.00,0.00,0.00,0.00,0.00,0.00,0.00,0.00,0.00,0.00
Manuel Manu,MF,23,2001,15,7,680,7.6,1,1,2,1,0,0,2,0,0.4,0.4,0.6,1.0,1,73,14,0.13,0.13,0.26,0.13,0.26,0.06,0.08,0.14,0.06,0.14
Manuel Manu,MF,23,2001,3,2,136,1.5,0,1,1,0,0,0,1,0,0.0,0.0,0.1,0.1,0,8,1,0.00,0.66,0.66,0.00,0.66,0.02,0.04,0.05,0.02,0.05
Maracás,DF,30,1994,29,26,2393,26.6,1,1,2,1,0,0,6,0,1.4,1.4,0.9,2.3,3,33,2,0.04,0.04,0.08,0.04,0.08,0.05,0.03,0.09,0.05,0.09
Iván Marcano,DF,37,1987,11,11,941,10.5,1,0,1,1,0,0,0,0,0.6,0.6,0.5,1.2,9,48,5,0.10,0.00,0.10,0.10,0.10,0.06,0.05,0.11,0.06,0.11
Adrián Marín,DF,27,1997,10,8,711,7.9,0,2,2,0,0,0,0,0,0.0,0.0,0.7,0.7,6,58,15,0.00,0.25,0.25,0.00,0.25,0.00,0.09,0.09,0.00,0.09
João Mário,"FW,MF",31,1993,2,2,154,1.7,0,0,0,0,0,0,1,0,0.1,0.1,0.3,0.4,3,18,17,0.00,0.00,0.00,0.00,0.00,0.05,0.19,0.24,0.05,0.24
João Mário Lopes,"DF,MF",24,2000,27,19,1767,19.6,0,3,3,0,0,0,5,0,0.8,0.8,4.4,5.2,78,119,182,0.00,0.15,0.15,0.00,0.15,0.04,0.23,0.27,0.04,0.27
Uładzisłaŭ Marozaŭ,FW,23,2000,11,3,279,3.1,0,0,0,0,0,0,0,0,0.3,0.3,0.2,0.5,3,1,10,0.00,0.00,0.00,0.00,0.00,0.09,0.07,0.17,0.09,0.17
Alejandro Marqués,FW,23,2000,33,15,1692,18.8,11,0,11,7,4,4,1,0,8.3,5.1,0.5,5.6,10,18,61,0.59,0.00,0.59,0.37,0.37,0.44,0.03,0.47,0.27,0.30
Alex Marques,DF,18,2005,2,1,99,1.1,0,0,0,0,0,0,0,0,0.0,0.0,0.0,0.0,0,1,0,0.00,0.00,0.00,0.00,0.00,0.00,0.00,0.00,0.00,0.00
João Marques,"MF,FW",22,2002,3,0,37,0.4,0,0,0,0,0,0,1,0,0.1,0.1,0.0,0.1,0,1,6,0.00,0.00,0.00,0.00,0.00,0.22,0.04,0.26,0.22,0.26
João Marques,"FW,MF",22,2002,11,6,587,6.5,0,1,1,0,0,0,3,0,0.7,0.7,0.2,0.9,11,15,38,0.00,0.15,0.15,0.00,0.15,0.11,0.03,0.14,0.11,0.14
Gabri Martínez,"FW,MF",21,2003,30,14,1542,17.1,4,2,6,4,0,0,4,0,4.6,4.1,3.8,7.9,98,64,173,0.23,0.12,0.35,0.23,0.35,0.27,0.22,0.49,0.24,0.46
Player,Pos,Age,Born,MP,Starts,Min,90s,Gls,Ast,G+A,G-PK,PK,PKatt,CrdY,CrdR,xG,npxG,xAG,npxG+xAG,PrgC,PrgP,PrgR,Gls,Ast,G+A,G-PK,G+A-PK,xG,xAG,xG+xAG,npxG,npxG+xAG
Toni Martínez,FW,27,1997,1,0,4,0.0,0,0,0,0,0,0,0,0,0.0,0.0,0.0,0.0,0,0,0,0.00,0.00,0.00,0.00,0.00,0.00,0.00,0.00,0.00,0.00
Bernardo Martins,"FW,MF",26,1997,31,19,1636,18.2,4,3,7,4,0,0,7,0,2.1,2.1,2.2,4.3,23,82,69,0.22,0.17,0.39,0.22,0.39,0.12,0.12,0.23,0.12,0.23
Matheus,GK,32,1992,17,17,1530,17.0,0,0,0,0,0,0,1,0,0.0,0.0,0.0,0.0,0,2,0,0.00,0.00,0.00,0.00,0.00,0.00,0.00,0.00,0.00,0.00
Matheusinho,"FW,MF",26,1998,9,0,115,1.3,0,0,0,0,0,0,1,0,0.2,0.2,0.1,0.3,6,10,14,0.00,0.00,0.00,0.00,0.00,0.18,0.06,0.24,0.18,0.24
Marco Matias,"FW,MF",35,1989,27,15,1264,14.0,3,3,6,3,0,0,2,0,2.1,2.1,1.6,3.7,14,33,62,0.21,0.21,0.43,0.21,0.43,0.15,0.12,0.26,0.15,0.26
Jordi Mboula,"FW,MF",25,1999,24,12,1149,12.8,0,2,2,0,0,0,2,0,1.7,1.7,0.8,2.5,28,33,72,0.00,0.16,0.16,0.00,0.16,0.13,0.06,0.19,0.13,0.19
Tobías Medina,MF,20,2004,3,0,57,0.6,0,0,0,0,0,0,0,0,0.0,0.0,0.0,0.0,3,2,3,0.00,0.00,0.00,0.00,0.00,0.00,0.00,0.00,0.00,0.00
Mauro Meireles Couto,DF,18,2005,1,0,4,0.0,0,0,0,0,0,0,0,0,0.0,0.0,0.0,0.0,0,1,2,0.00,0.00,0.00,0.00,0.00,0.00,0.00,0.00,0.00,0.00
Francisco Meixedo,GK,23,2001,1,0,45,0.5,0,0,0,0,0,0,0,0,0.0,0.0,0.0,0.0,0,0,0,0.00,0.00,0.00,0.00,0.00,0.00,0.00,0.00,0.00,0.00
Yair Mena Palacios,"MF,FW",24,2000,10,0,93,1.0,0,0,0,0,0,0,4,0,0.1,0.1,0.0,0.1,1,1,8,0.00,0.00,0.00,0.00,0.00,0.05,0.04,0.10,0.05,0.10
João Mendes,"MF,FW",29,1994,32,16,1536,17.1,4,2,6,4,0,0,4,0,2.1,2.1,2.4,4.5,39,97,133,0.23,0.12,0.35,0.23,0.35,0.12,0.14,0.26,0.12,0.26
João Mendes,DF,24,2000,32,32,2769,30.8,0,0,0,0,0,0,10,0,0.7,0.7,1.5,2.2,66,141,206,0.00,0.00,0.00,0.00,0.00,0.02,0.05,0.07,0.02,0.07
Joe Mendes,DF,21,2002,4,2,184,2.0,0,0,0,0,0,0,0,0,0.0,0.0,0.0,0.1,11,10,19,0.00,0.00,0.00,0.00,0.00,0.02,0.02,0.03,0.02,0.03
Gustavo Mendonça,MF,21,2003,18,7,674,7.5,1,0,1,1,0,0,3,0,0.1,0.1,0.2,0.3,1,20,6,0.13,0.00,0.13,0.13,0.13,0.01,0.03,0.04,0.01,0.04
Miguel Menino,MF,21,2003,27,22,1830,20.3,2,0,2,2,0,0,3,0,1.2,1.2,1.0,2.2,16,52,50,0.10,0.00,0.10,0.10,0.10,0.06,0.05,0.11,0.06,0.11
John Mercado,"FW,MF",22,2002,33,28,2341,26.0,3,1,4,3,0,0,2,0,3.3,3.3,3.8,7.1,84,35,162,0.12,0.04,0.15,0.12,0.15,0.12,0.15,0.27,0.12,0.27
Mehdi Merghem,"MF,FW",27,1997,12,5,460,5.1,0,0,0,0,0,0,2,0,0.3,0.3,1.5,1.8,17,23,24,0.00,0.00,0.00,0.00,0.00,0.05,0.30,0.35,0.05,0.35
Bruno Messi,"FW,MF",27,1996,7,0,113,1.3,0,0,0,0,0,0,1,0,0.1,0.1,0.1,0.2,8,4,18,0.00,0.00,0.00,0.00,0.00,0.09,0.05,0.15,0.09,0.15
Michel,DF,21,2003,5,3,249,2.8,0,0,0,0,0,0,2,0,0.0,0.0,0.0,0.0,1,0,0,0.00,0.00,0.00,0.00,0.00,0.00,0.00,0.00,0.00,0.00
Dieu-Merci Michel,FW,20,2004,9,4,371,4.1,2,0,2,2,0,0,0,0,1.5,1.5,0.1,1.6,2,2,13,0.49,0.00,0.49,0.49,0.49,0.37,0.01,0.38,0.37,0.38
Enea Mihaj,DF,26,1998,29,29,2533,28.1,0,1,1,0,0,0,8,0,1.0,1.0,0.2,1.2,8,73,2,0.00,0.04,0.04,0.00,0.04,0.04,0.01,0.04,0.04,0.04
Mika,GK,33,1991,1,0,3,0.0,0,0,0,0,0,0,0,0,0.0,0.0,0.0,0.0,0,0,0,0.00,0.00,0.00,0.00,0.00,0.00,0.00,0.00,0.00,0.00
Álex Millán,"FW,MF",24,1999,9,4,403,4.5,0,0,0,0,0,0,1,0,0.1,0.1,0.1,0.2,2,7,8,0.00,0.00,0.00,0.00,0.00,0.01,0.02,0.04,0.01,0.04
Juan Mina,FW,20,2004,1,0,14,0.2,0,0,0,0,0,0,0,0,0.0,0.0,0.0,0.0,0,0,0,0.00,0.00,0.00,0.00,0.00,0.07,0.00,0.07,0.07,0.07
Cezary Miszta,GK,22,2001,26,26,2325,25.8,0,0,0,0,0,0,2,0,0.0,0.0,0.0,0.0,0,0,0,0.00,0.00,0.00,0.00,0.00,0.00,0.00,0.00,0.00,0.00
Player,Pos,Age,Born,MP,Starts,Min,90s,Gls,Ast,G+A,G-PK,PK,PKatt,CrdY,CrdR,xG,npxG,xAG,npxG+xAG,PrgC,PrgP,PrgR,Gls,Ast,G+A,G-PK,G+A-PK,xG,xAG,xG+xAG,npxG,npxG+xAG
Iyad Mohamed,MF,23,2001,10,5,487,5.4,0,0,0,0,0,0,2,1,0.0,0.0,0.1,0.1,2,18,13,0.00,0.00,0.00,0.00,0.00,0.00,0.02,0.02,0.00,0.02
Isaac Monteiro,DF,20,2004,1,0,1,0.0,0,0,0,0,0,0,0,0,0.0,0.0,0.0,0.0,0,0,0,0.00,0.00,0.00,0.00,0.00,0.00,0.00,0.00,0.00,0.00
Rodrigo Mora,"MF,FW",17,2007,23,16,1370,15.2,10,4,14,10,0,0,3,0,4.7,4.7,1.5,6.2,43,72,97,0.66,0.26,0.92,0.66,0.92,0.31,0.10,0.41,0.31,0.41
Morato,DF,23,2001,1,1,90,1.0,0,0,0,0,0,0,0,0,0.1,0.1,0.0,0.1,4,10,0,0.00,0.00,0.00,0.00,0.00,0.05,0.00,0.05,0.05,0.05
Paulo Moreira,MF,24,2000,26,14,1297,14.4,1,0,1,1,0,0,3,0,0.3,0.3,0.5,0.9,17,41,18,0.07,0.00,0.07,0.07,0.07,0.02,0.04,0.06,0.02,0.06
Marco Moreno,DF,23,2001,25,24,2044,22.7,0,0,0,0,0,0,7,1,0.9,0.9,0.3,1.2,9,54,3,0.00,0.00,0.00,0.00,0.00,0.04,0.01,0.05,0.04,0.05
Dani Morer,DF,26,1998,1,0,9,0.1,0,0,0,0,0,0,0,0,0.0,0.0,0.0,0.0,0,1,1,0.00,0.00,0.00,0.00,0.00,0.00,0.00,0.00,0.00,0.00
Hidemasa Morita,MF,29,1995,23,13,1294,14.4,2,3,5,2,0,0,1,0,1.6,1.6,2.7,4.3,21,107,39,0.14,0.21,0.35,0.14,0.35,0.11,0.19,0.30,0.11,0.30
Moura,DF,24,1999,4,4,360,4.0,0,1,1,0,0,0,0,0,0.1,0.1,0.5,0.6,9,9,19,0.00,0.25,0.25,0.00,0.25,0.01,0.13,0.14,0.01,0.14
Moura,"DF,MF",24,1999,27,26,2210,24.6,3,9,12,3,0,0,2,0,0.3,0.3,4.4,4.8,52,102,175,0.12,0.37,0.49,0.12,0.49,0.01,0.18,0.19,0.01,0.19
João Moutinho,MF,37,1986,22,19,1666,18.5,1,2,3,1,0,0,8,2,0.6,0.6,1.2,1.8,20,157,21,0.05,0.11,0.16,0.05,0.16,0.03,0.06,0.10,0.03,0.10
MT,"DF,MF",23,2001,33,32,2789,31.0,1,1,2,1,0,0,5,0,1.8,1.8,1.9,3.7,41,130,48,0.03,0.03,0.06,0.03,0.06,0.06,0.06,0.12,0.06,0.12
Jonathan Mutombo,DF,21,2002,15,7,769,8.5,0,0,0,0,0,0,3,0,0.1,0.1,0.6,0.7,19,30,34,0.00,0.00,0.00,0.00,0.00,0.02,0.07,0.08,0.02,0.08
Manuel Namora,"MF,FW",26,1998,8,4,307,3.4,0,0,0,0,0,0,1,0,0.1,0.1,0.1,0.1,0,7,9,0.00,0.00,0.00,0.00,0.00,0.02,0.01,0.03,0.02,0.03
Dylan Nandín,FW,22,2002,15,5,657,7.3,3,1,4,3,0,0,2,0,2.6,2.6,0.8,3.5,13,6,43,0.41,0.14,0.55,0.41,0.55,0.36,0.12,0.47,0.36,0.47
Nani,"FW,MF",37,1986,9,4,465,5.2,1,0,1,1,0,0,3,0,0.3,0.3,0.4,0.7,9,11,20,0.19,0.00,0.19,0.19,0.19,0.06,0.07,0.13,0.06,0.13
Fran Navarro,FW,26,1998,4,1,91,1.0,0,0,0,0,0,0,0,0,0.4,0.4,0.0,0.4,0,1,5,0.00,0.00,0.00,0.00,0.00,0.43,0.00,0.43,0.43,0.43
Fran Navarro,FW,26,1998,10,10,669,7.4,4,0,4,3,1,1,1,0,3.0,2.2,0.2,2.5,2,6,27,0.54,0.00,0.54,0.40,0.40,0.41,0.03,0.44,0.30,0.33
Christian Neiva Afonso,"DF,MF",29,1994,26,21,1619,18.0,1,2,3,1,0,0,5,1,0.4,0.4,2.0,2.4,13,43,42,0.06,0.11,0.17,0.06,0.17,0.02,0.11,0.13,0.02,0.13
Nenê,FW,41,1983,18,8,867,9.6,4,1,5,4,0,1,3,0,3.6,2.8,0.5,3.3,2,21,40,0.42,0.10,0.52,0.42,0.52,0.37,0.05,0.43,0.29,0.35
Neto,MF,32,1991,24,22,1761,19.6,2,0,2,1,1,1,9,0,1.2,0.4,0.6,1.0,3,84,6,0.10,0.00,0.10,0.05,0.05,0.06,0.03,0.09,0.02,0.05
Martim Neto,MF,21,2003,24,15,1371,15.2,2,1,3,2,0,0,6,1,0.8,0.8,1.3,2.0,29,83,28,0.13,0.07,0.20,0.13,0.20,0.05,0.09,0.13,0.05,0.13
Renato Nhaga,MF,17,2007,3,1,98,1.1,0,0,0,0,0,0,1,0,0.0,0.0,0.0,0.0,0,3,0,0.00,0.00,0.00,0.00,0.00,0.00,0.02,0.02,0.00,0.02
Sikou Niakaté,DF,25,1999,24,22,1961,21.8,1,1,2,1,0,0,4,0,1.1,1.1,0.9,2.0,11,102,5,0.05,0.05,0.09,0.05,0.09,0.05,0.04,0.09,0.05,0.09
Yusupha Njie,"FW,MF",30,1994,14,7,633,7.0,0,0,0,0,0,0,1,0,1.4,1.4,0.3,1.7,12,10,24,0.00,0.00,0.00,0.00,0.00,0.20,0.04,0.24,0.20,0.24
Player,Pos,Age,Born,MP,Starts,Min,90s,Gls,Ast,G+A,G-PK,PK,PKatt,CrdY,CrdR,xG,npxG,xAG,npxG+xAG,PrgC,PrgP,PrgR,Gls,Ast,G+A,G-PK,G+A-PK,xG,xAG,xG+xAG,npxG,npxG+xAG
Miguel Nóbrega,DF,24,2000,1,1,90,1.0,0,0,0,0,0,0,0,0,0.0,0.0,0.0,0.0,1,3,0,0.00,0.00,0.00,0.00,0.00,0.00,0.00,0.00,0.00,0.00
Jonatás Noro,DF,19,2005,1,0,13,0.1,0,0,0,0,0,0,0,0,0.0,0.0,0.0,0.0,0,0,0,0.00,0.00,0.00,0.00,0.00,0.07,0.00,0.07,0.07,0.07
João Novais,MF,31,1993,30,15,1402,15.6,0,0,0,0,0,0,2,0,1.7,1.7,3.0,4.7,33,68,50,0.00,0.00,0.00,0.00,0.00,0.11,0.19,0.30,0.11,0.30
Andreas Ntoi,DF,21,2003,16,15,1364,15.2,0,0,0,0,0,0,2,0,0.4,0.4,0.6,0.9,3,40,0,0.00,0.00,0.00,0.00,0.00,0.02,0.04,0.06,0.02,0.06
Samuel Obeng,FW,27,1997,11,4,369,4.1,1,0,1,1,0,0,0,0,0.7,0.7,0.1,0.7,3,4,8,0.24,0.00,0.24,0.24,0.24,0.17,0.01,0.18,0.17,0.18
Guillermo Ochoa,GK,39,1985,23,23,2070,23.0,0,0,0,0,0,0,4,0,0.0,0.0,0.3,0.3,0,0,0,0.00,0.00,0.00,0.00,0.00,0.00,0.01,0.01,0.00,0.01
Lawrence Ofori,MF,26,1998,25,20,1780,19.8,1,1,2,1,0,0,1,0,0.1,0.1,0.8,1.0,17,93,13,0.05,0.05,0.10,0.05,0.10,0.01,0.04,0.05,0.01,0.05
Leonardo Oliveira,FW,19,2005,1,0,31,0.3,0,0,0,0,0,0,0,0,0.0,0.0,0.0,0.0,0,0,0,0.00,0.00,0.00,0.00,0.00,0.00,0.00,0.00,0.00,0.00
Nélson Oliveira,FW,32,1991,31,21,1776,19.7,3,4,7,3,0,0,5,0,3.6,3.6,2.8,6.4,23,36,89,0.15,0.20,0.35,0.15,0.35,0.18,0.14,0.32,0.18,0.32
Paulo Oliveira,DF,32,1992,21,21,1710,19.0,1,0,1,1,0,0,5,0,2.1,2.1,0.0,2.1,2,51,1,0.05,0.00,0.05,0.05,0.05,0.11,0.00,0.11,0.11,0.11
Talys Oliveira,DF,25,1999,3,3,250,2.8,0,0,0,0,0,0,0,0,0.0,0.0,0.2,0.3,4,13,12,0.00,0.00,0.00,0.00,0.00,0.01,0.08,0.10,0.01,0.10
Samu Omorodion,FW,20,2004,30,23,2263,25.1,19,3,22,15,4,4,3,1,14.1,10.9,2.0,12.9,23,28,132,0.76,0.12,0.87,0.60,0.72,0.56,0.08,0.64,0.43,0.51
Bruno Onyemaechi,"DF,MF",25,1999,18,17,1566,17.4,3,1,4,3,0,0,5,0,1.6,1.6,1.2,2.8,23,34,68,0.17,0.06,0.23,0.17,0.23,0.09,0.07,0.16,0.09,0.16
Jandro Orellana,MF,23,2000,23,11,1018,11.3,1,1,2,1,0,0,3,0,1.2,1.2,0.4,1.5,9,39,14,0.09,0.09,0.18,0.09,0.18,0.10,0.03,0.13,0.10,0.13
Korede Osundina,FW,20,2004,7,2,169,1.9,0,0,0,0,0,0,0,0,0.2,0.2,0.2,0.3,3,3,16,0.00,0.00,0.00,0.00,0.00,0.08,0.10,0.18,0.08,0.18
Nicolás Otamendi,DF,36,1988,31,30,2706,30.1,6,2,8,6,0,0,4,0,3.7,3.7,1.4,5.1,15,132,10,0.20,0.07,0.27,0.20,0.27,0.12,0.05,0.17,0.12,0.17
Amine El Ouazzani,FW,23,2001,33,15,1604,17.8,7,1,8,7,0,0,1,0,6.5,6.5,1.8,8.3,12,21,70,0.39,0.06,0.45,0.39,0.45,0.37,0.10,0.47,0.37,0.47
Amine Oudrhiri,MF,31,1992,11,9,722,8.0,0,0,0,0,0,0,1,0,0.1,0.1,0.0,0.1,4,29,4,0.00,0.00,0.00,0.00,0.00,0.01,0.00,0.01,0.01,0.01
Amine Oudrhiri,MF,31,1992,13,8,650,7.2,0,0,0,0,0,0,2,1,0.0,0.0,0.1,0.1,1,19,4,0.00,0.00,0.00,0.00,0.00,0.00,0.01,0.02,0.00,0.02
Pablo,FW,20,2004,20,8,802,8.9,5,0,5,5,0,0,2,0,2.1,2.1,0.8,3.0,10,10,45,0.56,0.00,0.56,0.56,0.56,0.24,0.09,0.33,0.24,0.33
Renato Pantalon,DF,26,1997,12,7,705,7.8,0,0,0,0,0,0,1,0,0.0,0.0,0.2,0.2,0,13,2,0.00,0.00,0.00,0.00,0.00,0.00,0.03,0.03,0.00,0.03
Renato Pantalon,DF,26,1997,9,7,695,7.7,0,0,0,0,0,0,1,0,0.8,0.8,0.1,0.9,2,27,6,0.00,0.00,0.00,0.00,0.00,0.11,0.01,0.12,0.11,0.12
Jonathan Panzo,DF,23,2000,18,15,1292,14.4,1,0,1,1,0,0,4,1,0.7,0.7,0.5,1.2,7,41,0,0.07,0.00,0.07,0.07,0.07,0.05,0.03,0.08,0.05,0.08
Tiago Parente,DF,20,2004,1,0,19,0.2,0,0,0,0,0,0,0,0,0.0,0.0,0.0,0.0,0,0,0,0.00,0.00,0.00,0.00,0.00,0.00,0.00,0.00,0.00,0.00
David Pastor,"DF,MF",24,2000,31,30,2602,28.9,0,2,2,0,0,0,4,0,0.2,0.2,1.5,1.7,58,74,104,0.00,0.07,0.07,0.00,0.07,0.01,0.05,0.06,0.01,0.06
Player,Pos,Age,Born,MP,Starts,Min,90s,Gls,Ast,G+A,G-PK,PK,PKatt,CrdY,CrdR,xG,npxG,xAG,npxG+xAG,PrgC,PrgP,PrgR,Gls,Ast,G+A,G-PK,G+A-PK,xG,xAG,xG+xAG,npxG,npxG+xAG
Afonso Patrão,FW,17,2007,7,3,243,2.7,1,1,2,1,0,0,0,0,0.5,0.5,0.5,1.0,1,6,7,0.37,0.37,0.74,0.37,0.74,0.17,0.19,0.37,0.17,0.37
Patrick,DF,27,1997,13,11,995,11.1,1,0,1,1,0,0,5,1,1.1,1.1,0.1,1.2,10,34,6,0.09,0.00,0.09,0.09,0.09,0.10,0.01,0.10,0.10,0.10
Vangelis Pavlidis,FW,25,1998,34,27,2257,25.1,19,7,26,16,3,3,3,0,18.6,16.2,5.5,21.7,43,56,182,0.76,0.28,1.04,0.64,0.92,0.74,0.22,0.96,0.65,0.87
Zé Pedro Figueiredo,DF,27,1997,20,16,1497,16.6,0,0,0,0,0,0,2,0,0.9,0.9,0.4,1.3,9,93,7,0.00,0.00,0.00,0.00,0.00,0.05,0.02,0.08,0.05,0.08
João Pedro,DF,21,2003,5,2,274,3.0,0,1,1,0,0,0,0,0,0.0,0.0,0.0,0.1,2,6,4,0.00,0.33,0.33,0.00,0.33,0.01,0.01,0.03,0.01,0.03
Daniel Penha,MF,25,1998,30,18,1488,16.5,4,1,5,4,0,0,2,0,3.2,3.2,1.7,4.9,29,65,65,0.24,0.06,0.30,0.24,0.30,0.19,0.10,0.29,0.19,0.29
Pepê,"FW,MF",27,1997,31,25,1991,22.1,3,2,5,3,0,0,4,0,4.8,4.8,2.9,7.7,42,92,174,0.14,0.09,0.23,0.14,0.23,0.22,0.13,0.35,0.22,0.35
Diogo Pereira,"DF,MF",21,2003,2,0,76,0.8,0,0,0,0,0,0,0,0,0.0,0.0,0.0,0.0,0,0,0,0.00,0.00,0.00,0.00,0.00,0.00,0.00,0.00,0.00,0.00
Francisco Pereira,MF,22,2002,1,0,12,0.1,0,0,0,0,0,0,0,0,0.0,0.0,0.0,0.0,0,1,0,0.00,0.00,0.00,0.00,0.00,0.00,0.00,0.00,0.00,0.00
Henrique Pereira,"FW,MF",22,2002,24,7,756,8.4,1,1,2,1,0,0,1,0,0.7,0.7,2.1,2.8,35,13,73,0.12,0.12,0.24,0.12,0.24,0.08,0.25,0.33,0.08,0.33
Matheus Pereira,"MF,DF",23,2000,28,18,1723,19.1,0,4,4,0,0,0,12,1,1.3,1.3,3.3,4.7,31,37,70,0.00,0.21,0.21,0.00,0.21,0.07,0.17,0.24,0.07,0.24
Sebastián Pérez Cardona,MF,31,1993,29,24,2024,22.5,1,0,1,1,0,0,8,2,0.6,0.6,1.5,2.1,7,112,17,0.04,0.00,0.04,0.04,0.04,0.03,0.07,0.09,0.03,0.09
Nehuén Pérez,DF,24,2000,25,24,2069,23.0,1,2,3,1,0,0,11,1,1.4,1.4,0.6,1.9,18,130,10,0.04,0.09,0.13,0.04,0.13,0.06,0.02,0.08,0.06,0.08
Tomás Pérez,"MF,DF",18,2005,6,1,155,1.7,0,0,0,0,0,0,1,0,0.0,0.0,0.0,0.0,1,7,0,0.00,0.00,0.00,0.00,0.00,0.00,0.01,0.01,0.00,0.01
Francisco Petrasso,DF,22,2002,7,5,412,4.6,1,0,1,1,0,0,2,0,1.4,1.4,0.0,1.4,1,3,0,0.22,0.00,0.22,0.22,0.22,0.31,0.00,0.31,0.31,0.31
Petterson,"MF,FW",20,2004,3,0,69,0.8,0,0,0,0,0,0,0,0,0.1,0.1,0.0,0.1,1,4,9,0.00,0.00,0.00,0.00,0.00,0.18,0.00,0.18,0.18,0.18
Lucas Piazon,"MF,FW",30,1994,30,27,2377,26.4,0,3,3,0,0,0,3,0,3.3,3.3,2.4,5.7,28,105,104,0.00,0.11,0.11,0.00,0.11,0.13,0.09,0.22,0.13,0.22
Wagner Pina,"DF,MF",21,2002,30,28,2368,26.3,2,4,6,2,0,0,5,1,2.0,2.0,2.8,4.8,42,54,145,0.08,0.15,0.23,0.08,0.23,0.08,0.10,0.18,0.08,0.18
Rodrigo Pinheiro,DF,21,2002,29,21,1999,22.2,0,2,2,0,0,0,5,0,0.8,0.8,2.0,2.7,43,99,111,0.00,0.09,0.09,0.00,0.09,0.04,0.09,0.12,0.04,0.12
Rodrigo Pinho,FW,33,1991,33,18,1665,18.5,5,0,5,4,1,2,6,0,6.1,4.6,0.6,5.2,13,33,48,0.27,0.00,0.27,0.22,0.22,0.33,0.03,0.37,0.25,0.28
Alexandre Pinto,DF,26,1998,14,9,823,9.1,0,1,1,0,0,0,4,0,0.6,0.6,0.9,1.5,9,29,53,0.00,0.11,0.11,0.00,0.11,0.07,0.10,0.17,0.07,0.17
Dinis Pinto,DF,23,2000,27,24,2171,24.1,2,1,3,2,0,0,8,0,1.7,1.7,1.5,3.2,54,71,96,0.08,0.04,0.12,0.08,0.12,0.07,0.06,0.13,0.07,0.13
Jaime Pinto,"MF,FW",26,1997,8,1,231,2.6,0,0,0,0,0,0,1,0,0.6,0.6,0.0,0.6,9,2,8,0.00,0.00,0.00,0.00,0.00,0.23,0.00,0.23,0.23,0.23
João Pinto,MF,21,2002,1,0,1,0.0,0,0,0,0,0,0,0,0,0.0,0.0,0.0,0.0,0,0,0,0.00,0.00,0.00,0.00,0.00,0.00,0.00,0.00,0.00,0.00
Ole Pohlmann,"MF,FW",23,2001,28,20,1594,17.7,1,2,3,1,0,0,1,0,1.6,1.6,1.8,3.3,38,48,76,0.06,0.11,0.17,0.06,0.17,0.09,0.10,0.19,0.09,0.19
Player,Pos,Age,Born,MP,Starts,Min,90s,Gls,Ast,G+A,G-PK,PK,PKatt,CrdY,CrdR,xG,npxG,xAG,npxG+xAG,PrgC,PrgP,PrgR,Gls,Ast,G+A,G-PK,G+A-PK,xG,xAG,xG+xAG,npxG,npxG+xAG
Carlos Ponck,DF,29,1995,9,5,485,5.4,0,0,0,0,0,0,0,0,0.1,0.1,0.1,0.1,0,13,0,0.00,0.00,0.00,0.00,0.00,0.01,0.01,0.02,0.01,0.02
Boris Popović,DF,24,2000,16,10,898,10.0,0,0,0,0,0,0,0,1,0.1,0.1,0.0,0.1,2,22,1,0.00,0.00,0.00,0.00,0.00,0.01,0.00,0.01,0.01,0.01
Darío Poveda,"FW,MF",27,1997,22,11,991,11.0,4,1,5,4,0,0,2,0,1.9,1.9,0.2,2.1,11,20,53,0.36,0.09,0.45,0.36,0.45,0.18,0.02,0.19,0.18,0.19
Gianluca Prestianni,"MF,FW",18,2006,8,4,287,3.2,0,0,0,0,0,0,1,0,0.7,0.7,0.1,0.8,7,22,38,0.00,0.00,0.00,0.00,0.00,0.22,0.04,0.26,0.22,0.26
Diogo Prioste,MF,20,2004,1,0,8,0.1,0,0,0,0,0,0,0,0,0.0,0.0,0.0,0.0,1,3,0,0.00,0.00,0.00,0.00,0.00,0.00,0.00,0.00,0.00,0.00
Miguel Puche García,"FW,MF",23,2001,22,4,519,5.8,2,0,2,2,0,0,1,0,1.2,1.2,1.2,2.4,18,18,43,0.35,0.00,0.35,0.35,0.35,0.22,0.20,0.42,0.22,0.42
Quaresma,DF,27,1996,3,0,78,0.9,0,0,0,0,0,0,1,0,0.0,0.0,0.0,0.0,5,4,5,0.00,0.00,0.00,0.00,0.00,0.01,0.00,0.01,0.01,0.01
Eduardo Quaresma,DF,22,2002,20,18,1391,15.5,1,0,1,1,0,0,2,0,0.1,0.1,0.2,0.3,32,107,16,0.06,0.00,0.06,0.06,0.06,0.01,0.01,0.02,0.01,0.02
Geovany Quenda,"MF,DF",17,2007,34,26,2253,25.0,2,4,6,2,0,0,2,0,3.4,3.4,4.8,8.2,97,123,222,0.08,0.16,0.24,0.08,0.24,0.14,0.19,0.33,0.14,0.33
Uroš Račić,MF,26,1998,14,8,721,8.0,3,1,4,3,0,0,5,0,1.0,1.0,0.3,1.3,6,50,17,0.37,0.12,0.50,0.37,0.50,0.13,0.03,0.16,0.13,0.16
Rafinha,MF,18,2006,1,0,1,0.0,0,0,0,0,0,0,0,0,0.0,0.0,0.0,0.0,0,0,0,0.00,0.00,0.00,0.00,0.00,0.00,0.00,0.00,0.00,0.00
Jesús Ramírez,FW,26,1998,25,6,732,8.1,3,2,5,3,0,0,2,0,4.8,4.8,0.4,5.2,5,9,46,0.37,0.25,0.61,0.37,0.61,0.59,0.05,0.64,0.59,0.64
Cláudio Ramos,GK,32,1991,2,2,180,2.0,0,0,0,0,0,0,1,0,0.0,0.0,0.0,0.0,0,0,0,0.00,0.00,0.00,0.00,0.00,0.00,0.00,0.00,0.00,0.00
Guilherme Ramos,DF,26,1997,6,4,331,3.7,0,0,0,0,0,0,2,0,0.1,0.1,0.0,0.1,3,12,0,0.00,0.00,0.00,0.00,0.00,0.01,0.00,0.02,0.01,0.02
Leonardo Realpe,DF,23,2001,5,5,450,5.0,0,0,0,0,0,0,1,0,0.6,0.6,0.0,0.6,2,13,0,0.00,0.00,0.00,0.00,0.00,0.11,0.00,0.12,0.11,0.12
João Rêgo,FW,19,2005,3,0,21,0.2,0,0,0,0,0,0,0,0,0.0,0.0,0.0,0.0,2,1,3,0.00,0.00,0.00,0.00,0.00,0.00,0.00,0.00,0.00,0.00
Francisco Reis Ferreira,DF,27,1997,18,16,1410,15.7,0,0,0,0,0,0,6,0,0.4,0.4,0.4,0.7,6,53,4,0.00,0.00,0.00,0.00,0.00,0.02,0.02,0.05,0.02,0.05
Matheus Reis,DF,29,1995,30,14,1319,14.7,0,2,2,0,0,0,5,1,0.6,0.6,1.1,1.7,35,104,55,0.00,0.14,0.14,0.00,0.14,0.04,0.07,0.12,0.04,0.12
Tiago Reis,FW,24,1999,7,3,231,2.6,0,0,0,0,0,0,1,0,1.6,1.6,0.1,1.8,0,2,8,0.00,0.00,0.00,0.00,0.00,0.64,0.06,0.70,0.64,0.70
Miguel Reisinho,"MF,FW",25,1999,29,23,2172,24.1,5,0,5,0,5,5,11,1,6.3,2.3,0.8,3.1,10,75,75,0.21,0.00,0.21,0.00,0.00,0.26,0.03,0.29,0.10,0.13
Filipe Relvas,DF,24,1999,11,9,843,9.4,0,0,0,0,0,0,2,0,0.9,0.9,0.0,0.9,5,37,2,0.00,0.00,0.00,0.00,0.00,0.09,0.00,0.09,0.09,0.09
Marco Ribeiro,"MF,DF",19,2005,11,3,344,3.8,0,0,0,0,0,0,0,0,0.3,0.3,0.4,0.7,3,18,11,0.00,0.00,0.00,0.00,0.00,0.07,0.11,0.18,0.07,0.18
Rodrigo Ribeiro,FW,19,2005,1,0,2,0.0,0,0,0,0,0,0,0,0,0.4,0.4,0.0,0.4,0,0,1,0.00,0.00,0.00,0.00,0.00,16.35,0.00,16.35,16.35,16.35
Rodrigo Ribeiro,FW,19,2005,20,11,990,11.0,1,0,1,1,0,0,0,0,3.4,3.4,0.6,4.0,19,14,45,0.09,0.00,0.09,0.09,0.09,0.31,0.05,0.37,0.31,0.37
Tomás Ribeiro,DF,25,1999,4,3,315,3.5,1,0,1,1,0,0,0,0,0.3,0.3,0.0,0.3,0,7,1,0.29,0.00,0.29,0.29,0.29,0.07,0.00,0.07,0.07,0.07
Player,Pos,Age,Born,MP,Starts,Min,90s,Gls,Ast,G+A,G-PK,PK,PKatt,CrdY,CrdR,xG,npxG,xAG,npxG+xAG,PrgC,PrgP,PrgR,Gls,Ast,G+A,G-PK,G+A-PK,xG,xAG,xG+xAG,npxG,npxG+xAG
Tomás Ribeiro,DF,25,1999,9,8,645,7.2,1,0,1,1,0,0,2,0,0.5,0.5,0.0,0.5,1,11,3,0.14,0.00,0.14,0.14,0.14,0.07,0.01,0.08,0.07,0.08
Yuri Ribeiro,"DF,MF",27,1997,9,6,460,5.1,0,0,0,0,0,0,2,0,0.2,0.2,0.2,0.3,9,38,33,0.00,0.00,0.00,0.00,0.00,0.03,0.04,0.07,0.03,0.07
Ricardinho,"FW,MF",25,1998,28,10,1246,13.8,7,0,7,7,0,0,5,0,4.1,4.1,1.5,5.5,40,43,54,0.51,0.00,0.51,0.51,0.51,0.29,0.11,0.40,0.29,0.40
Riccieli,DF,25,1998,8,6,586,6.5,0,0,0,0,0,0,1,0,0.1,0.1,0.1,0.2,3,19,1,0.00,0.00,0.00,0.00,0.00,0.02,0.01,0.03,0.02,0.03
Omar Richards,DF,26,1998,26,24,1989,22.1,0,1,1,0,0,0,4,0,0.1,0.1,0.8,0.9,32,83,73,0.00,0.05,0.05,0.00,0.05,0.00,0.04,0.04,0.00,0.04
Rivaldo,"DF,MF",23,2000,7,4,451,5.0,0,1,1,0,0,0,0,0,0.1,0.1,1.0,1.1,12,19,27,0.00,0.20,0.20,0.00,0.20,0.01,0.21,0.22,0.01,0.22
Óscar Rivas,DF,24,2000,10,9,797,8.9,1,0,1,1,0,0,4,0,1.0,1.0,0.0,1.0,3,27,2,0.11,0.00,0.11,0.11,0.11,0.12,0.00,0.12,0.12,0.12
Pablo Roberto,"MF,FW",24,1999,23,12,1113,12.4,0,0,0,0,0,0,5,0,0.8,0.8,0.4,1.2,23,63,37,0.00,0.00,0.00,0.00,0.00,0.07,0.03,0.10,0.07,0.10
Joel Robles,GK,34,1990,29,29,2610,29.0,0,0,0,0,0,0,3,0,0.0,0.0,0.0,0.0,0,2,0,0.00,0.00,0.00,0.00,0.00,0.00,0.00,0.00,0.00,0.00
Matí­as Rocha,DF,23,2001,5,3,301,3.3,0,0,0,0,0,0,2,1,0.1,0.1,0.0,0.1,0,11,0,0.00,0.00,0.00,0.00,0.00,0.03,0.00,0.03,0.03,0.03
Rochinha,FW,29,1995,22,12,902,10.0,0,0,0,0,0,0,4,0,0.6,0.6,0.7,1.3,16,35,48,0.00,0.00,0.00,0.00,0.00,0.06,0.07,0.13,0.06,0.13
Afonso Rodrigues,"MF,FW",21,2002,3,0,9,0.1,0,0,0,0,0,0,0,0,0.1,0.1,0.0,0.1,0,0,2,0.00,0.00,0.00,0.00,0.00,0.68,0.00,0.68,0.68,0.68
Diego Rodrigues,MF,19,2005,8,0,162,1.8,0,1,1,0,0,0,0,0,0.2,0.2,0.8,1.0,6,16,6,0.00,0.56,0.56,0.00,0.56,0.13,0.45,0.58,0.13,0.58
Gerson Rodrigues,FW,29,1995,5,2,190,2.1,1,0,1,1,0,0,0,0,1.1,1.1,0.1,1.2,6,5,15,0.47,0.00,0.47,0.47,0.47,0.51,0.04,0.55,0.51,0.55
Ivo Rodrigues,"MF,FW",29,1995,11,8,641,7.1,0,1,1,0,0,0,4,0,0.7,0.7,0.9,1.6,14,48,48,0.00,0.14,0.14,0.00,0.14,0.09,0.13,0.22,0.09,0.22
Ivo Rodrigues,"MF,FW",29,1995,13,8,753,8.4,1,1,2,1,0,0,2,0,0.5,0.5,0.3,0.8,13,31,12,0.12,0.12,0.24,0.12,0.24,0.06,0.04,0.09,0.06,0.09
Luís Carlos Rocha Rodrigues,DF,37,1986,29,29,2578,28.6,0,0,0,0,0,0,10,0,0.4,0.4,0.4,0.8,5,39,3,0.00,0.00,0.00,0.00,0.00,0.01,0.01,0.03,0.01,0.03
Rafael Rodrigues,"DF,MF",22,2002,21,10,1033,11.5,1,0,1,1,0,0,5,0,0.5,0.5,0.5,1.1,11,27,25,0.09,0.00,0.09,0.09,0.09,0.05,0.05,0.09,0.05,0.09
Rodrigo Rodrigues,FW,16,2007,1,0,10,0.1,0,0,0,0,0,0,0,0,0.0,0.0,0.0,0.0,1,0,2,0.00,0.00,0.00,0.00,0.00,0.00,0.00,0.00,0.00,0.00
Ignacio Rodríguez,DF,20,2003,16,12,1188,13.2,0,0,0,0,0,0,5,1,0.2,0.2,0.3,0.5,2,29,0,0.00,0.00,0.00,0.00,0.00,0.02,0.02,0.04,0.02,0.04
Benjamín Rollheiser,"MF,FW",24,2000,9,1,139,1.5,1,1,2,1,0,0,1,0,0.6,0.6,0.1,0.7,6,11,16,0.65,0.65,1.29,0.65,1.29,0.41,0.05,0.45,0.41,0.45
Baptiste Roux,DF,24,1999,23,22,1863,20.7,1,1,2,1,0,0,4,0,0.4,0.4,0.3,0.7,6,45,3,0.05,0.05,0.10,0.05,0.10,0.02,0.02,0.03,0.02,0.03
Alan Ruiz,"MF,FW",30,1993,27,18,1470,16.3,1,2,3,0,1,1,13,0,1.4,0.6,1.8,2.4,15,80,56,0.06,0.12,0.18,0.00,0.12,0.08,0.11,0.19,0.03,0.15
Gustavo sá,MF,19,2004,33,32,2520,28.0,4,6,10,4,0,0,7,0,3.7,3.7,3.5,7.2,42,117,149,0.14,0.21,0.36,0.14,0.36,0.13,0.13,0.26,0.13,0.26
Josué Sá,DF,32,1992,18,15,1290,14.3,1,0,1,1,0,0,2,0,0.6,0.6,0.1,0.6,11,47,3,0.07,0.00,0.07,0.07,0.07,0.04,0.00,0.04,0.04,0.04
Player,Pos,Age,Born,MP,Starts,Min,90s,Gls,Ast,G+A,G-PK,PK,PKatt,CrdY,CrdR,xG,npxG,xAG,npxG+xAG,PrgC,PrgP,PrgR,Gls,Ast,G+A,G-PK,G+A-PK,xG,xAG,xG+xAG,npxG,npxG+xAG
Safira,FW,29,1995,16,12,987,11.0,2,2,4,1,1,2,7,0,4.1,2.5,2.6,5.1,6,13,34,0.18,0.18,0.36,0.09,0.27,0.37,0.23,0.61,0.23,0.46
Sala,"FW,MF",21,2003,12,0,169,1.9,0,0,0,0,0,0,0,0,0.5,0.5,0.3,0.9,4,6,17,0.00,0.00,0.00,0.00,0.00,0.29,0.18,0.46,0.29,0.46
Samu,MF,28,1996,31,20,1743,19.4,2,1,3,2,0,0,3,0,3.0,3.0,4.0,7.0,24,101,107,0.10,0.05,0.15,0.10,0.15,0.16,0.21,0.36,0.16,0.36
Renato Sanches,MF,26,1997,10,1,201,2.2,0,0,0,0,0,0,1,0,0.0,0.0,0.1,0.1,7,27,9,0.00,0.00,0.00,0.00,0.00,0.00,0.03,0.03,0.00,0.03
Caio Santana,"FW,MF",20,2004,8,1,178,2.0,0,0,0,0,0,0,1,0,0.0,0.0,0.1,0.1,3,1,9,0.00,0.00,0.00,0.00,0.00,0.02,0.03,0.05,0.02,0.05
Aderlan Santos,DF,35,1989,10,8,598,6.6,0,0,0,0,0,0,1,0,0.0,0.0,0.0,0.0,0,4,2,0.00,0.00,0.00,0.00,0.00,0.00,0.00,0.00,0.00,0.00
Aderlan Santos,DF,35,1989,18,18,1580,17.6,0,0,0,0,0,0,3,0,1.1,1.1,0.0,1.1,3,23,1,0.00,0.00,0.00,0.00,0.00,0.06,0.00,0.06,0.06,0.06
Bruno Santos,FW,21,2003,3,0,57,0.6,0,0,0,0,0,0,0,0,0.0,0.0,0.0,0.0,0,0,2,0.00,0.00,0.00,0.00,0.00,0.00,0.04,0.04,0.00,0.04
Gabriel Santos,"FW,MF",25,1999,3,0,89,1.0,0,0,0,0,0,0,0,0,0.3,0.3,0.1,0.4,3,1,4,0.00,0.00,0.00,0.00,0.00,0.27,0.10,0.37,0.27,0.37
Hevertton Santos,DF,23,2001,6,2,261,2.9,0,0,0,0,0,0,0,0,0.0,0.0,0.1,0.1,4,13,15,0.00,0.00,0.00,0.00,0.00,0.01,0.03,0.04,0.01,0.04
Leandro Santos,"DF,MF",18,2005,3,3,265,2.9,0,0,0,0,0,0,0,0,0.0,0.0,0.6,0.6,4,18,30,0.00,0.00,0.00,0.00,0.00,0.02,0.20,0.22,0.02,0.22
Léo Santos,DF,25,1998,16,8,774,8.6,1,0,1,1,0,0,3,0,0.5,0.4,0.0,0.4,6,6,4,0.12,0.00,0.12,0.12,0.12,0.06,0.00,0.06,0.05,0.05
Nuno Santos,"MF,DF",29,1995,7,4,354,3.9,0,0,0,0,0,0,0,0,0.2,0.2,0.6,0.8,13,23,58,0.00,0.00,0.00,0.00,0.00,0.05,0.15,0.20,0.05,0.20
Nuno Santos,"FW,MF",25,1999,33,21,1907,21.2,3,4,7,3,0,0,5,0,5.3,5.3,2.7,7.9,32,117,163,0.14,0.19,0.33,0.14,0.33,0.25,0.13,0.37,0.25,0.37
Pedro Santos,MF,23,2000,31,14,1526,17.0,0,0,0,0,0,0,6,0,0.6,0.5,0.2,0.7,20,101,36,0.00,0.00,0.00,0.00,0.00,0.03,0.01,0.04,0.03,0.04
Pedro Santos,"FW,MF",21,2003,21,5,560,6.2,0,0,0,0,0,0,4,0,0.1,0.1,0.4,0.5,4,9,35,0.00,0.00,0.00,0.00,0.00,0.02,0.07,0.09,0.02,0.09
Zaidu Sanusi,DF,27,1997,3,0,56,0.6,0,0,0,0,0,0,0,0,0.1,0.1,0.0,0.1,2,3,7,0.00,0.00,0.00,0.00,0.00,0.10,0.00,0.10,0.10,0.10
Guilherme Schettine,FW,28,1995,30,19,1699,18.9,5,4,9,5,0,0,4,1,5.0,5.0,1.8,6.8,23,19,55,0.26,0.21,0.48,0.26,0.48,0.26,0.09,0.36,0.26,0.36
Andreas Schjelderup,"FW,MF",20,2004,20,3,524,5.8,1,3,4,1,0,0,0,0,2.4,2.4,3.0,5.4,25,25,69,0.17,0.52,0.69,0.17,0.69,0.41,0.52,0.93,0.41,0.93
Caio Secco,GK,33,1990,5,5,447,5.0,0,0,0,0,0,0,0,0,0.0,0.0,0.0,0.0,0,0,0,0.00,0.00,0.00,0.00,0.00,0.00,0.00,0.00,0.00,0.00
Telasco Segovia,MF,21,2003,15,10,905,10.1,2,0,2,2,0,0,3,0,2.2,2.2,0.4,2.6,9,54,20,0.20,0.00,0.20,0.20,0.20,0.22,0.03,0.26,0.22,0.26
Václav Sejk,FW,22,2002,16,10,858,9.5,3,1,4,3,0,0,0,1,3.0,3.0,1.0,4.0,7,13,44,0.31,0.10,0.42,0.31,0.42,0.32,0.10,0.42,0.32,0.42
Patrick Sequeira,GK,25,1999,32,32,2880,32.0,0,0,0,0,0,0,4,0,0.0,0.0,0.2,0.2,0,0,0,0.00,0.00,0.00,0.00,0.00,0.00,0.00,0.00,0.00,0.00
Serginho,MF,24,1999,29,15,1302,14.5,2,1,3,2,0,0,5,0,2.1,2.1,1.3,3.5,14,42,18,0.14,0.07,0.21,0.14,0.21,0.15,0.09,0.24,0.15,0.24
Guilherme Serrão,"MF,DF",20,2003,11,9,748,8.3,0,0,0,0,0,0,4,1,0.0,0.0,0.4,0.4,13,17,28,0.00,0.00,0.00,0.00,0.00,0.00,0.04,0.05,0.00,0.05
Player,Pos,Age,Born,MP,Starts,Min,90s,Gls,Ast,G+A,G-PK,PK,PKatt,CrdY,CrdR,xG,npxG,xAG,npxG+xAG,PrgC,PrgP,PrgR,Gls,Ast,G+A,G-PK,G+A-PK,xG,xAG,xG+xAG,npxG,npxG+xAG
André Seruca,"MF,DF",23,2000,3,0,22,0.2,0,0,0,0,0,0,1,0,0.0,0.0,0.0,0.0,0,0,0,0.00,0.00,0.00,0.00,0.00,0.00,0.00,0.00,0.00,0.00
Naziru Shuabiu,FW,20,2004,1,0,1,0.0,0,0,0,0,0,0,0,0,0.0,0.0,0.0,0.0,1,1,0,0.00,0.00,0.00,0.00,0.00,0.00,0.00,0.00,0.00,0.00
Sidney,DF,27,1997,31,26,2386,26.5,3,1,4,3,0,0,12,2,1.5,1.5,1.4,2.9,23,99,14,0.11,0.04,0.15,0.11,0.15,0.06,0.05,0.11,0.06,0.11
Alysson Silva,DF,21,2002,2,2,163,1.8,0,0,0,0,0,0,0,0,0.0,0.0,0.0,0.0,0,2,0,0.00,0.00,0.00,0.00,0.00,0.00,0.00,0.00,0.00,0.00
António Silva,DF,20,2003,23,22,2037,22.6,1,2,3,1,0,0,2,0,2.2,2.2,1.0,3.2,32,98,1,0.04,0.09,0.13,0.04,0.13,0.10,0.05,0.14,0.10,0.14
Gustavo da Silva,FW,25,1999,21,9,871,9.7,7,0,7,7,0,0,4,0,5.0,5.0,1.3,6.3,25,18,74,0.72,0.00,0.72,0.72,0.72,0.52,0.13,0.65,0.52,0.65
Joel silva,"MF,DF",21,2003,30,27,2397,26.6,2,1,3,2,0,0,4,0,2.0,2.0,2.3,4.3,32,75,79,0.08,0.04,0.11,0.08,0.11,0.07,0.09,0.16,0.07,0.16
José Silva,DF,18,2005,1,0,12,0.1,0,0,0,0,0,0,0,0,0.0,0.0,0.0,0.0,0,0,0,0.00,0.00,0.00,0.00,0.00,0.00,0.00,0.00,0.00,0.00
Luís Manuel Costa Silva,MF,31,1992,8,6,464,5.2,0,0,0,0,0,0,3,0,0.6,0.6,0.1,0.7,2,13,5,0.00,0.00,0.00,0.00,0.00,0.12,0.01,0.13,0.12,0.13
Raul Silva,DF,34,1989,10,5,479,5.3,1,0,1,1,0,0,4,0,0.7,0.7,0.6,1.3,6,11,6,0.19,0.00,0.19,0.19,0.19,0.13,0.12,0.25,0.13,0.25
Rui Silva,GK,30,1994,17,17,1530,17.0,0,0,0,0,0,0,2,0,0.0,0.0,0.2,0.2,0,0,0,0.00,0.00,0.00,0.00,0.00,0.00,0.01,0.01,0.00,0.01
Tiago Silva,MF,31,1993,30,27,2326,25.8,5,4,9,2,3,3,6,1,3.5,1.1,3.8,5.0,20,229,38,0.19,0.15,0.35,0.08,0.23,0.14,0.15,0.28,0.04,0.19
Tomás Silva,"DF,MF",18,2006,5,0,88,1.0,0,0,0,0,0,0,0,0,0.1,0.1,0.0,0.1,2,0,3,0.00,0.00,0.00,0.00,0.00,0.06,0.00,0.06,0.06,0.06
David Simão,MF,34,1990,24,23,1772,19.7,1,0,1,1,0,0,8,0,0.3,0.3,2.3,2.6,10,145,34,0.05,0.00,0.05,0.05,0.05,0.02,0.12,0.13,0.02,0.13
João Simões,MF,17,2007,9,4,397,4.4,1,0,1,1,0,0,0,0,0.4,0.4,0.3,0.7,11,27,15,0.23,0.00,0.23,0.23,0.23,0.08,0.08,0.16,0.08,0.16
Sphephelo Sithole,"FW,MF",25,1999,2,0,53,0.6,0,0,0,0,0,0,0,0,0.0,0.0,0.0,0.0,1,4,0,0.00,0.00,0.00,0.00,0.00,0.00,0.00,0.00,0.00,0.00
Filipe Soares,MF,25,1999,21,6,607,6.7,1,1,2,1,0,0,5,0,1.3,1.3,0.3,1.6,13,41,13,0.15,0.15,0.30,0.15,0.30,0.19,0.05,0.24,0.19,0.24
Lucas Soares,"MF,DF",26,1998,30,18,1660,18.4,0,1,1,0,0,0,8,1,0.8,0.8,1.6,2.4,25,35,85,0.00,0.05,0.05,0.00,0.05,0.04,0.09,0.13,0.04,0.13
Rafa Soares,DF,29,1995,26,24,2085,23.2,0,2,2,0,0,0,5,0,0.4,0.4,3.6,4.0,32,94,110,0.00,0.09,0.09,0.00,0.09,0.02,0.16,0.17,0.02,0.17
Samuel Soares,GK,22,2002,2,2,180,2.0,0,0,0,0,0,0,0,0,0.0,0.0,0.0,0.0,0,0,0,0.00,0.00,0.00,0.00,0.00,0.00,0.00,0.00,0.00,0.00
Alexandre Sola,MF,20,2003,1,0,21,0.2,0,0,0,0,0,0,0,0,0.0,0.0,0.0,0.0,0,0,0,0.00,0.00,0.00,0.00,0.00,0.00,0.00,0.00,0.00,0.00
Djibril Soumaré,MF,21,2003,23,21,1882,20.9,1,1,2,1,0,0,9,1,1.0,1.0,0.3,1.3,22,91,12,0.05,0.05,0.10,0.05,0.10,0.05,0.01,0.06,0.05,0.06
André Sousa,MF,34,1990,13,1,199,2.2,1,0,1,1,0,0,3,0,0.6,0.6,0.5,1.1,3,13,4,0.45,0.00,0.45,0.45,0.45,0.26,0.23,0.48,0.26,0.48
Dyego Sousa,FW,34,1989,7,0,149,1.7,0,0,0,0,0,0,0,0,0.1,0.1,0.0,0.1,0,2,4,0.00,0.00,0.00,0.00,0.00,0.04,0.00,0.04,0.04,0.04
Gerson Sousa,"FW,MF",22,2002,6,0,62,0.7,0,0,0,0,0,0,1,0,0.1,0.1,0.0,0.1,0,1,6,0.00,0.00,0.00,0.00,0.00,0.12,0.00,0.12,0.12,0.12
Player,Pos,Age,Born,MP,Starts,Min,90s,Gls,Ast,G+A,G-PK,PK,PKatt,CrdY,CrdR,xG,npxG,xAG,npxG+xAG,PrgC,PrgP,PrgR,Gls,Ast,G+A,G-PK,G+A-PK,xG,xAG,xG+xAG,npxG,npxG+xAG
Miguel Sousa,"MF,FW",25,1998,24,12,1049,11.7,0,0,0,0,0,0,3,0,1.4,1.4,0.7,2.2,19,72,46,0.00,0.00,0.00,0.00,0.00,0.12,0.06,0.18,0.12,0.18
Valentim Sousa,FW,19,2005,5,0,85,0.9,0,0,0,0,0,0,0,0,0.1,0.1,0.0,0.1,2,1,7,0.00,0.00,0.00,0.00,0.00,0.12,0.00,0.12,0.12,0.12
Vasco Sousa,MF,21,2003,12,5,421,4.7,0,0,0,0,0,0,1,0,0.8,0.8,0.3,1.0,4,28,12,0.00,0.00,0.00,0.00,0.00,0.16,0.06,0.22,0.16,0.22
Fabiano Souza,DF,24,2000,11,8,704,7.8,0,0,0,0,0,0,2,0,0.0,0.0,0.1,0.1,15,23,18,0.00,0.00,0.00,0.00,0.00,0.01,0.01,0.02,0.01,0.02
Gabriel Airton de Souza,"FW,MF",28,1996,18,8,910,10.1,3,1,4,3,0,0,1,0,1.8,1.8,0.2,1.9,23,14,64,0.30,0.10,0.40,0.30,0.40,0.17,0.02,0.19,0.17,0.19
Jerry St. Juste,DF,27,1996,14,5,581,6.5,0,0,0,0,0,0,3,0,0.3,0.3,0.0,0.3,5,35,2,0.00,0.00,0.00,0.00,0.00,0.05,0.00,0.05,0.05,0.05
Max Svensson,"FW,MF",,,24,8,844,9.4,1,3,4,1,0,0,3,0,2.1,2.1,2.0,4.0,20,21,46,0.11,0.32,0.43,0.11,0.43,0.22,0.21,0.43,0.22,0.43
Morlaye Sylla,"FW,MF",26,1998,32,27,2363,26.3,2,1,3,2,0,0,5,0,5.5,5.5,1.7,7.3,59,128,124,0.08,0.04,0.11,0.08,0.11,0.21,0.07,0.28,0.21,0.28
Sidnei Tavares,MF,22,2001,29,15,1296,14.4,1,1,2,1,0,0,8,1,0.4,0.4,0.6,1.0,15,44,17,0.07,0.07,0.14,0.07,0.14,0.03,0.04,0.07,0.03,0.07
Tomás Tavares,DF,23,2001,11,9,789,8.8,0,1,1,0,0,0,1,0,0.0,0.0,0.5,0.5,4,29,20,0.00,0.11,0.11,0.00,0.11,0.00,0.06,0.06,0.00,0.06
Duplexe Tchamba,DF,26,1998,21,21,1814,20.2,2,1,3,2,0,0,5,0,0.6,0.6,0.5,1.0,5,67,1,0.10,0.05,0.15,0.10,0.15,0.03,0.02,0.05,0.03,0.05
Cédric Teguia,FW,22,2001,13,11,906,10.1,2,1,3,2,0,0,1,0,0.7,0.7,0.7,1.5,16,28,48,0.20,0.10,0.30,0.20,0.30,0.07,0.07,0.15,0.07,0.15
João Teixeira,MF,30,1994,17,2,335,3.7,0,0,0,0,0,0,0,0,0.3,0.3,0.2,0.5,7,26,9,0.00,0.00,0.00,0.00,0.00,0.07,0.05,0.12,0.07,0.12
Jorge Teixeira,DF,37,1986,13,7,755,8.4,0,0,0,0,0,0,3,1,0.9,0.9,0.0,0.9,0,14,1,0.00,0.00,0.00,0.00,0.00,0.11,0.00,0.11,0.11,0.11
Matheus Teixeira,GK,25,1999,1,0,15,0.2,0,0,0,0,0,0,0,0,0.0,0.0,0.0,0.0,0,0,0,0.00,0.00,0.00,0.00,0.00,0.00,0.00,0.00,0.00,0.00
Nigel Thomas,"FW,MF",23,2001,9,8,629,7.0,1,0,1,1,0,0,3,0,0.5,0.5,1.1,1.6,13,10,34,0.14,0.00,0.14,0.14,0.14,0.08,0.18,0.26,0.08,0.26
Tomané,FW,31,1992,24,18,1659,18.4,3,0,3,2,1,1,1,0,2.8,2.0,1.3,3.2,15,32,70,0.16,0.00,0.16,0.11,0.11,0.15,0.07,0.22,0.11,0.18
Tomé,GK,17,2006,2,2,180,2.0,0,0,0,0,0,0,1,0,0.0,0.0,0.0,0.0,0,0,0,0.00,0.00,0.00,0.00,0.00,0.00,0.00,0.00,0.00,0.00
João Tomé,"DF,MF",21,2003,16,9,772,8.6,0,1,1,0,0,0,2,0,0.0,0.0,0.5,0.5,18,36,41,0.00,0.12,0.12,0.00,0.12,0.00,0.06,0.06,0.00,0.06
Mirko Topić,MF,23,2001,33,25,2321,25.8,1,0,1,1,0,0,3,0,1.2,1.2,0.6,1.8,33,134,36,0.04,0.00,0.04,0.04,0.04,0.05,0.02,0.07,0.05,0.07
Diogo Travassos,"DF,MF",20,2004,24,18,1726,19.2,1,0,1,1,0,0,5,0,0.5,0.5,1.2,1.7,51,42,97,0.05,0.00,0.05,0.05,0.05,0.03,0.06,0.09,0.03,0.09
Alfonso Trezza,"FW,MF",25,1999,33,28,2420,26.9,5,2,7,5,0,0,4,1,5.3,5.3,2.9,8.2,51,35,162,0.19,0.07,0.26,0.19,0.26,0.20,0.11,0.31,0.20,0.31
Francisco Trincão,"MF,FW",24,1999,34,34,2936,32.6,9,14,23,9,0,0,1,0,9.2,9.2,8.3,17.5,93,154,216,0.28,0.43,0.71,0.28,0.71,0.28,0.25,0.54,0.28,0.54
Anatolii Trubin,GK,22,2001,32,32,2880,32.0,0,0,0,0,0,0,1,0,0.0,0.0,0.0,0.0,0,1,0,0.00,0.00,0.00,0.00,0.00,0.00,0.00,0.00,0.00,0.00
Ulisses,DF,24,1999,29,29,2559,28.4,2,0,2,2,0,0,5,1,1.6,1.6,0.1,1.7,13,53,5,0.07,0.00,0.07,0.07,0.07,0.06,0.00,0.06,0.06,0.06
Player,Pos,Age,Born,MP,Starts,Min,90s,Gls,Ast,G+A,G-PK,PK,PKatt,CrdY,CrdR,xG,npxG,xAG,npxG+xAG,PrgC,PrgP,PrgR,Gls,Ast,G+A,G-PK,G+A-PK,xG,xAG,xG+xAG,npxG,npxG+xAG
Tomáš Vaclík,GK,35,1989,12,12,1080,12.0,0,0,0,0,0,0,1,0,0.0,0.0,0.0,0.0,0,0,0,0.00,0.00,0.00,0.00,0.00,0.00,0.00,0.00,0.00,0.00
João Valido,GK,24,2000,5,5,450,5.0,0,0,0,0,0,0,0,0,0.0,0.0,0.1,0.1,0,0,0,0.00,0.00,0.00,0.00,0.00,0.00,0.02,0.02,0.00,0.02
Alan Varela,MF,23,2001,31,26,2198,24.4,0,2,2,0,0,0,8,0,0.7,0.7,1.2,2.0,17,168,20,0.00,0.08,0.08,0.00,0.08,0.03,0.05,0.08,0.03,0.08
Bruno Varela,GK,29,1994,34,34,3060,34.0,0,0,0,0,0,0,3,0,0.0,0.0,0.0,0.0,0,0,0,0.00,0.00,0.00,0.00,0.00,0.00,0.00,0.00,0.00,0.00
Nilton Varela,"DF,MF",23,2001,28,26,2209,24.5,0,2,2,0,0,0,4,0,0.3,0.3,1.3,1.6,21,38,81,0.00,0.08,0.08,0.00,0.08,0.01,0.05,0.07,0.01,0.07
João Vasconcelos,MF,19,2005,1,0,4,0.0,0,0,0,0,0,0,0,0,0.0,0.0,0.0,0.0,0,0,0,0.00,0.00,0.00,0.00,0.00,0.00,0.00,0.00,0.00,0.00
Danilo Veiga,"DF,MF",21,2002,15,14,1280,14.2,0,2,2,0,0,0,5,1,0.7,0.7,1.5,2.2,20,39,47,0.00,0.14,0.14,0.00,0.14,0.05,0.11,0.16,0.05,0.16
Eric Veiga,"DF,MF",27,1997,8,4,371,4.1,0,0,0,0,0,0,1,0,0.0,0.0,0.1,0.1,10,7,11,0.00,0.00,0.00,0.00,0.00,0.01,0.02,0.03,0.01,0.03
Jhon Velásquez,"FW,MF",29,1995,2,0,15,0.2,0,1,1,0,0,0,0,0,0.0,0.0,0.4,0.4,0,2,2,0.00,6.00,6.00,0.00,6.00,0.14,2.38,2.52,0.14,2.52
Ricardo Velho,GK,25,1998,28,28,2520,28.0,0,0,0,0,0,0,1,0,0.0,0.0,0.0,0.0,0,2,0,0.00,0.00,0.00,0.00,0.00,0.00,0.00,0.00,0.00,0.00
Frederico Venâncio,DF,31,1993,26,21,1807,20.1,0,0,0,0,0,0,5,0,0.3,0.3,0.3,0.5,6,51,2,0.00,0.00,0.00,0.00,0.00,0.01,0.01,0.03,0.01,0.03
Paulo Victor,"DF,MF",23,2001,24,18,1620,18.0,0,0,0,0,0,0,4,0,0.4,0.4,0.4,0.8,29,48,63,0.00,0.00,0.00,0.00,0.00,0.02,0.02,0.04,0.02,0.04
Fabio Vieira,"MF,FW",24,2000,26,21,1840,20.4,4,4,8,4,0,0,7,0,3.0,2.8,4.1,6.9,27,124,121,0.20,0.20,0.39,0.20,0.39,0.15,0.20,0.35,0.14,0.34
Gabriel Vieira,FW,22,2002,33,32,2787,31.0,6,3,9,5,1,1,2,0,8.8,8.0,3.2,11.2,54,45,165,0.19,0.10,0.29,0.16,0.26,0.28,0.10,0.39,0.26,0.36
Mikel Villanueva,DF,31,1993,19,15,1342,14.9,0,0,0,0,0,0,7,0,0.6,0.6,0.0,0.6,8,55,0,0.00,0.00,0.00,0.00,0.00,0.04,0.00,0.04,0.04,0.04
Marcos Vinicios Sorriso,"FW,MF",23,2001,29,24,2020,22.4,8,4,12,8,0,0,1,0,5.2,5.2,3.8,9.1,45,61,175,0.36,0.18,0.53,0.36,0.53,0.23,0.17,0.40,0.23,0.40
Vinícius,"FW,MF",25,1999,33,29,2237,24.9,8,1,9,8,0,1,8,0,8.6,7.8,2.8,10.6,44,54,103,0.32,0.04,0.36,0.32,0.36,0.34,0.11,0.46,0.31,0.42
Bernardo Vital,MF,23,2000,1,0,31,0.3,0,0,0,0,0,0,0,0,0.0,0.0,0.0,0.0,0,1,0,0.00,0.00,0.00,0.00,0.00,0.03,0.00,0.03,0.03,0.03
Zé Vitor,DF,23,2001,31,31,2741,30.5,2,0,2,2,0,0,12,1,2.6,2.6,0.8,3.4,10,66,1,0.07,0.00,0.07,0.07,0.07,0.08,0.03,0.11,0.08,0.11
Steven Vitória,DF,37,1987,8,2,219,2.4,0,0,0,0,0,0,1,1,0.2,0.2,0.0,0.3,0,5,1,0.00,0.00,0.00,0.00,0.00,0.10,0.02,0.12,0.10,0.12
Marious Vrousai,"DF,MF",26,1998,31,28,2547,28.3,1,3,4,1,0,0,5,0,2.4,2.4,2.1,4.4,47,114,96,0.04,0.11,0.14,0.04,0.14,0.08,0.07,0.16,0.08,0.16
Ilija Vukotić,MF,25,1999,26,21,1757,19.5,3,0,3,3,0,0,4,1,3.0,3.0,0.8,3.8,17,76,28,0.15,0.00,0.15,0.15,0.15,0.15,0.04,0.20,0.15,0.20
Wendel,FW,23,2000,6,2,235,2.6,2,0,2,2,0,0,1,0,1.5,1.5,0.3,1.9,3,7,6,0.77,0.00,0.77,0.77,0.77,0.59,0.13,0.73,0.59,0.73
Wendell,DF,31,1993,1,0,23,0.3,0,0,0,0,0,0,0,0,0.1,0.1,0.0,0.1,1,1,0,0.00,0.00,0.00,0.00,0.00,0.47,0.00,0.47,0.47,0.47
Weverson,DF,24,2000,26,22,1871,20.8,1,2,3,1,0,0,4,0,0.6,0.6,1.3,1.9,43,43,105,0.05,0.10,0.14,0.05,0.14,0.03,0.06,0.09,0.03,0.09
Player,Pos,Age,Born,MP,Starts,Min,90s,Gls,Ast,G+A,G-PK,PK,PKatt,CrdY,CrdR,xG,npxG,xAG,npxG+xAG,PrgC,PrgP,PrgR,Gls,Ast,G+A,G-PK,G+A-PK,xG,xAG,xG+xAG,npxG,npxG+xAG
Xeka,MF,29,1994,14,12,939,10.4,1,1,2,1,0,0,6,0,0.8,0.8,0.8,1.6,12,49,17,0.10,0.10,0.19,0.10,0.19,0.08,0.08,0.16,0.08,0.16
Güven Yalçın,FW,25,1999,23,8,762,8.5,4,1,5,2,2,2,5,1,4.4,2.8,0.7,3.5,16,12,50,0.47,0.12,0.59,0.24,0.35,0.52,0.08,0.61,0.34,0.42
Fūki Yamada,"FW,MF",23,2001,13,7,493,5.5,1,2,3,1,0,0,2,1,1.1,1.1,0.9,2.0,7,10,51,0.18,0.37,0.55,0.18,0.55,0.20,0.17,0.37,0.20,0.37
Zaydou Youssouf,MF,25,1999,17,17,1336,14.8,2,0,2,2,0,0,4,0,2.2,2.2,0.6,2.7,9,50,38,0.13,0.00,0.13,0.13,0.13,0.15,0.04,0.18,0.15,0.18
Yassir Zabiri,"FW,MF",19,2005,5,0,58,0.6,1,0,1,1,0,0,0,0,0.6,0.6,0.0,0.6,0,2,4,1.55,0.00,1.55,1.55,1.55,0.98,0.00,0.98,0.98,0.98
Rodrigo Zalazar,"MF,FW",24,1999,19,17,1390,15.4,4,5,9,3,1,1,4,0,3.6,2.8,4.4,7.2,65,76,116,0.26,0.32,0.58,0.19,0.52,0.23,0.28,0.52,0.18,0.46
Vinícius Zanocelo,MF,23,2001,30,23,2075,23.1,2,0,2,2,0,0,8,0,2.2,2.0,0.2,2.3,11,106,34,0.09,0.00,0.09,0.09,0.09,0.10,0.01,0.11,0.09,0.10
Ivan Zlobin,GK,27,1997,15,15,1350,15.0,0,0,0,0,0,0,2,0,0.0,0.0,0.0,0.0,0,0,0,0.00,0.00,0.00,0.00,0.00,0.00,0.00,0.00,0.00,0.00
Karem Zoabi,"FW,MF",18,2006,12,2,222,2.5,0,2,2,0,0,0,1,0,0.0,0.0,1.4,1.4,2,1,11,0.00,0.81,0.81,0.00,0.81,0.00,0.57,0.57,0.00,0.57
Nermin Zolotić,DF,31,1993,7,7,626,7.0,0,0,0,0,0,0,4,0,0.0,0.0,0.0,0.0,9,29,0,0.00,0.00,0.00,0.00,0.00,0.00,0.00,0.00,0.00,0.00
